,Year,Team,Round,Wins,Full Record,Expected Record,Games,Points For Rank,Points Against Rank,SOS,Coach,SB Odds,Win Total Over Under,Next Year,NY Round,NY Wins,NY Full Record,NY Expected Record,NY Games,NY Points For Rank,NY Points Against Rank,NY SOS,NY Coach,NY SB Odds,NY Win Total Over-Under,Tm,Conf,Division
0,1970,Baltimore Colts,5,11,11-2-1,9.5-4.5,14,6,7,-5.81,Don McCafferty,undefined,undefined,1971,3,10,10-4-0,12.2-1.8,14,5,2,-1.93,Don McCafferty,undefined,undefined,CLT,AFC,AFC East
1,1970,Dallas Cowboys,4,10,10-4-0,9.4-4.6,14,10,4,1.4,Tom Landry,undefined,undefined,1971,5,11,11-3-0,11.3-2.7,14,1,7,-3.29,Tom Landry,undefined,undefined,DAL,NFC,NFC East
2,1970,San Francisco 49ers,3,10,10-3-1,9.2-4.8,14,1,14,0.43,Dick Nolan,undefined,undefined,1971,3,9,9-5-0,9.6-4.4,14,9,6,0.26,Dick Nolan,undefined,undefined,SFO,NFC,NFC West
3,1970,Oakland Raiders,3,8,8-4-2,7.2-6.8,14,9,19,0.53,John Madden,undefined,undefined,1971,-1,8,8-4-2,8.7-5.3,14,2,14,-1.03,John Madden,undefined,undefined,RAI,AFC,AFC West
4,1970,Minnesota Vikings,2,12,12-2-0,12.4-1.6,14,3,1,1.36,Bud Grant,undefined,undefined,1971,2,11,11-3-0,11.1-2.9,14,18,1,-1.07,Bud Grant,undefined,undefined,MIN,NFC,NFC Central
5,1970,Miami Dolphins,2,10,10-4-0,9.1-4.9,14,11,5,-6.26,Don Shula,undefined,undefined,1971,4,10,10-3-1,11.2-2.8,14,4,3,-2.38,Don Shula,undefined,undefined,MIA,AFC,AFC East
6,1970,Detroit Lions,2,10,10-4-0,11.0-3.0,14,2,2,3.69,Joe Schmidt,undefined,undefined,1971,-1,7,7-6-1,8.4-5.6,14,3,16,0.21,Joe Schmidt,undefined,undefined,DET,NFC,NFC Central
7,1970,Cincinnati Bengals,2,8,8-6-0,8.6-5.4,14,7,9,-3.53,Paul Brown,undefined,undefined,1971,-1,4,4-10-0,7.6-6.4,14,11,9,-1.91,Paul Brown,undefined,undefined,CIN,AFC,AFC Central
8,1971,Dallas Cowboys,5,11,11-3-0,11.3-2.7,14,1,7,-3.29,Tom Landry,undefined,undefined,1972,3,10,10-4-0,9.3-4.7,14,10,6,0.48,Tom Landry,undefined,undefined,DAL,NFC,NFC East
9,1971,Miami Dolphins,4,10,10-3-1,11.2-2.8,14,4,3,-2.38,Don Shula,undefined,undefined,1972,5,14,14-0-0,12.2-1.8,14,1,1,-4.27,Don Shula,undefined,undefined,MIA,AFC,AFC East
10,1971,Baltimore Colts,3,10,10-4-0,12.2-1.8,14,5,2,-1.93,Don McCafferty,undefined,undefined,1972,-1,5,5-9-0,6.4-7.6,14,20,11,-1.1,Don McCafferty,undefined,undefined,CLT,AFC,AFC East
11,1971,San Francisco 49ers,3,9,9-5-0,9.6-4.4,14,9,6,0.26,Dick Nolan,undefined,undefined,1972,2,8,8-5-1,9.7-4.3,14,4,9,-1.0,Dick Nolan,undefined,undefined,SFO,NFC,NFC West
12,1971,Washington Redskins,2,9,9-4-1,9.9-4.1,14,12,4,-1.01,George Allen,undefined,undefined,1972,4,11,11-3-0,10.3-3.7,14,7,3,-2.1,George Allen,undefined,undefined,WAS,NFC,NFC East
13,1971,Cleveland Browns,2,9,9-5-0,7.4-6.6,14,10,10,-0.6,Nick Skorich,undefined,undefined,1972,2,10,10-4-0,7.6-6.4,14,17,9,-1.09,Nick Skorich,undefined,undefined,CLE,AFC,AFC Central
14,1971,Kansas City Chiefs,2,10,10-3-1,9.9-4.1,14,8,5,-1.65,Hank Stram,undefined,undefined,1972,-1,8,8-6-0,8.0-6.0,14,15,13,0.22,Hank Stram,undefined,undefined,KAN,AFC,AFC West
15,1971,Minnesota Vikings,2,11,11-3-0,11.1-2.9,14,18,1,-1.07,Bud Grant,undefined,undefined,1972,-1,7,7-7-0,8.5-5.5,14,12,11,2.56,Bud Grant,undefined,undefined,MIN,NFC,NFC Central
16,1972,Miami Dolphins,5,14,14-0-0,12.2-1.8,14,1,1,-4.27,Don Shula,undefined,undefined,1973,5,12,12-2-0,12.3-1.7,14,5,1,-0.47,Don Shula,undefined,undefined,MIA,AFC,AFC East
17,1972,Washington Redskins,4,11,11-3-0,10.3-3.7,14,7,3,-2.1,George Allen,undefined,undefined,1973,2,10,10-4-0,10.7-3.3,14,6,6,-1.69,George Allen,undefined,undefined,WAS,NFC,NFC East
18,1972,Dallas Cowboys,3,10,10-4-0,9.3-4.7,14,10,6,0.48,Tom Landry,undefined,undefined,1973,3,10,10-4-0,11.4-2.6,14,2,7,-0.02,Tom Landry,undefined,undefined,DAL,NFC,NFC East
19,1972,Pittsburgh Steelers,3,11,11-3-0,11.6-2.4,14,5,2,-1.96,Chuck Noll,undefined,undefined,1973,2,10,10-4-0,10.7-3.3,14,4,8,-1.55,Chuck Noll,undefined,undefined,PIT,AFC,AFC Central
20,1972,Green Bay Packers,2,10,10-4-0,9.4-4.6,14,11,4,1.45,Dan Devine,undefined,undefined,1973,-1,5,5-7-2,5.0-9.0,14,22,14,-0.81,Dan Devine,undefined,undefined,GNB,NFC,NFC Central
21,1972,Cleveland Browns,2,10,10-4-0,7.6-6.4,14,17,9,-1.09,Nick Skorich,undefined,undefined,1973,-1,7,7-5-2,6.3-7.7,14,18,13,0.29,Nick Skorich,undefined,undefined,CLE,AFC,AFC Central
22,1972,Oakland Raiders,2,10,10-3-1,10.0-4.0,14,3,8,-0.32,John Madden,undefined,undefined,1973,3,9,9-4-1,10.8-3.2,14,10,3,-1.66,John Madden,undefined,undefined,RAI,AFC,AFC West
23,1972,San Francisco 49ers,2,8,8-5-1,9.7-4.3,14,4,9,-1.0,Dick Nolan,undefined,undefined,1973,-1,5,5-9-0,5.4-8.6,14,14,19,3.88,Dick Nolan,undefined,undefined,SFO,NFC,NFC West
24,1973,Miami Dolphins,5,12,12-2-0,12.3-1.7,14,5,1,-0.47,Don Shula,undefined,undefined,1974,2,11,11-3-0,10.2-3.8,14,3,6,-1.8,Don Shula,undefined,undefined,MIA,AFC,AFC East
25,1973,Minnesota Vikings,4,12,12-2-0,11.1-2.9,14,9,2,-0.54,Bud Grant,undefined,undefined,1974,4,10,10-4-0,10.5-3.5,14,5,3,-2.13,Bud Grant,undefined,undefined,MIN,NFC,NFC Central
26,1973,Dallas Cowboys,3,10,10-4-0,11.4-2.6,14,2,7,-0.02,Tom Landry,undefined,undefined,1974,-1,8,8-6-0,8.9-5.1,14,8,10,1.49,Tom Landry,undefined,undefined,DAL,NFC,NFC East
27,1973,Oakland Raiders,3,9,9-4-1,10.8-3.2,14,10,3,-1.66,John Madden,undefined,undefined,1974,3,12,12-2-0,10.4-3.6,14,1,9,-0.05,John Madden,undefined,undefined,RAI,AFC,AFC West
28,1973,Cincinnati Bengals,2,10,10-4-0,8.7-5.3,14,11,11,-0.9,Paul Brown,undefined,undefined,1974,-1,7,7-7-0,7.7-6.3,14,10,13,0.48,Paul Brown,undefined,undefined,CIN,AFC,AFC Central
29,1973,Los Angeles Rams,2,12,12-2-0,12.1-1.9,14,1,4,-1.64,Chuck Knox,undefined,undefined,1974,3,10,10-4-0,9.9-4.1,14,13,1,-1.93,Chuck Knox,undefined,undefined,RAM,NFC,NFC West
30,1973,Pittsburgh Steelers,2,10,10-4-0,10.7-3.3,14,4,8,-1.55,Chuck Noll,undefined,undefined,1974,5,10,10-3-1,10.6-3.4,14,6,2,-1.52,Chuck Noll,undefined,undefined,PIT,AFC,AFC Central
31,1973,Washington Redskins,2,10,10-4-0,10.7-3.3,14,6,6,-1.69,George Allen,undefined,undefined,1974,2,10,10-4-0,10.7-3.3,14,4,4,1.39,George Allen,undefined,undefined,WAS,NFC,NFC East
32,1974,Pittsburgh Steelers,5,10,10-3-1,10.6-3.4,14,6,2,-1.52,Chuck Noll,undefined,undefined,1975,5,12,12-2-0,12.3-1.7,14,5,2,-0.86,Chuck Noll,undefined,undefined,PIT,AFC,AFC Central
33,1974,Minnesota Vikings,4,10,10-4-0,10.5-3.5,14,5,3,-2.13,Bud Grant,undefined,undefined,1975,2,12,12-2-0,11.9-2.1,14,3,3,-5.16,Bud Grant,undefined,undefined,MIN,NFC,NFC Central
34,1974,Oakland Raiders,3,12,12-2-0,10.4-3.6,14,1,9,-0.05,John Madden,undefined,undefined,1975,3,11,11-3-0,10.0-4.0,14,4,7,-1.76,John Madden,undefined,undefined,RAI,AFC,AFC West
35,1974,Los Angeles Rams,3,10,10-4-0,9.9-4.1,14,13,1,-1.93,Chuck Knox,undefined,undefined,1975,3,12,12-2-0,12.3-1.7,14,11,1,-3.52,Chuck Knox,undefined,undefined,RAM,NFC,NFC West
36,1974,Washington Redskins,2,10,10-4-0,10.7-3.3,14,4,4,1.39,George Allen,undefined,undefined,1975,-1,8,8-6-0,8.3-5.7,14,10,11,-0.69,George Allen,undefined,undefined,WAS,NFC,NFC East
37,1974,Buffalo Bills,2,9,9-5-0,7.7-6.3,14,12,12,-0.38,Lou Saban,undefined,undefined,1975,-1,8,8-6-0,8.4-5.6,14,1,21,2.42,Lou Saban,undefined,undefined,BUF,AFC,AFC East
38,1974,Miami Dolphins,2,11,11-3-0,10.2-3.8,14,3,6,-1.8,Don Shula,undefined,undefined,1975,-1,10,10-4-0,10.6-3.4,14,6,4,-0.31,Don Shula,undefined,undefined,MIA,AFC,AFC East
39,1974,St. Louis Cardinals,2,10,10-4-0,9.2-4.8,14,9,8,1.05,Don Coryell,undefined,undefined,1975,2,11,11-3-0,9.0-5.0,14,7,11,-2.23,Don Coryell,undefined,undefined,CRD,NFC,NFC East
40,1975,Pittsburgh Steelers,5,12,12-2-0,12.3-1.7,14,5,2,-0.86,Chuck Noll,undefined,undefined,1976,3,10,10-4-0,12.5-1.5,14,5,1,0.77,Chuck Noll,undefined,undefined,PIT,AFC,AFC Central
41,1975,Dallas Cowboys,4,10,10-4-0,9.1-4.9,14,8,9,-1.71,Tom Landry,undefined,undefined,1976,2,11,11-3-0,10.2-3.8,14,10,5,-2.83,Tom Landry,undefined,undefined,DAL,NFC,NFC East
42,1975,Oakland Raiders,3,11,11-3-0,10.0-4.0,14,4,7,-1.76,John Madden,undefined,undefined,1976,5,13,13-1-0,10.0-4.0,14,4,12,0.45,John Madden,undefined,undefined,RAI,AFC,AFC West
43,1975,Los Angeles Rams,3,12,12-2-0,12.3-1.7,14,11,1,-3.52,Chuck Knox,undefined,undefined,1976,3,10,10-3-1,11.3-2.7,14,3,3,-1.04,Chuck Knox,undefined,undefined,RAM,NFC,NFC West
44,1975,Cincinnati Bengals,2,11,11-3-0,9.6-4.4,14,9,6,0.16,Paul Brown,undefined,undefined,1976,-1,10,10-4-0,10.5-3.5,14,6,7,1.2,Bill Johnson,undefined,undefined,CIN,AFC,AFC Central
45,1975,Minnesota Vikings,2,12,12-2-0,11.9-2.1,14,3,3,-5.16,Bud Grant,undefined,undefined,1976,4,11,11-2-1,11.0-3.0,14,9,2,0.13,Bud Grant,undefined,undefined,MIN,NFC,NFC Central
46,1975,St. Louis Cardinals,2,11,11-3-0,9.0-5.0,14,7,11,-2.23,Don Coryell,undefined,undefined,1976,-1,10,10-4-0,8.2-5.8,14,8,16,-0.44,Don Coryell,undefined,undefined,CRD,NFC,NFC East
47,1975,Baltimore Colts,2,10,10-4-0,10.0-4.0,14,2,10,-0.42,Ted Marchibroda,undefined,undefined,1976,2,11,11-3-0,10.9-3.1,14,1,13,-2.46,Ted Marchibroda,undefined,undefined,CLT,AFC,AFC East
48,1976,Oakland Raiders,5,13,13-1-0,10.0-4.0,14,4,12,0.45,John Madden,undefined,undefined,1977,3,11,11-3-0,10.2-3.8,14,1,14,1.74,John Madden,+30,undefined,RAI,AFC,AFC West
49,1976,Minnesota Vikings,4,11,11-2-1,11.0-3.0,14,9,2,0.13,Bud Grant,undefined,undefined,1977,3,9,9-5-0,7.1-6.9,14,16,13,-1.86,Bud Grant,+80,undefined,MIN,NFC,NFC Central
50,1976,Pittsburgh Steelers,3,10,10-4-0,12.5-1.5,14,5,1,0.77,Chuck Noll,undefined,undefined,1977,2,9,9-5-0,8.3-5.7,14,7,17,3.37,Chuck Noll,+50,undefined,PIT,AFC,AFC Central
51,1976,Los Angeles Rams,3,10,10-3-1,11.3-2.7,14,3,3,-1.04,Chuck Knox,undefined,undefined,1977,2,10,10-4-0,11.9-2.1,14,4,2,-2.69,Chuck Knox,+40,undefined,RAM,NFC,NFC West
52,1976,Dallas Cowboys,2,11,11-3-0,10.2-3.8,14,10,5,-2.83,Tom Landry,undefined,undefined,1977,5,12,12-2-0,10.6-3.4,14,2,8,-1.66,Tom Landry,+40,undefined,DAL,NFC,NFC East
53,1976,Baltimore Colts,2,11,11-3-0,10.9-3.1,14,1,13,-2.46,Ted Marchibroda,undefined,undefined,1977,2,10,10-4-0,9.3-4.7,14,6,11,-0.25,Ted Marchibroda,+80,undefined,CLT,AFC,AFC East
54,1976,New England Patriots,2,11,11-3-0,10.5-3.5,14,2,11,-1.35,Chuck Fairbanks,undefined,undefined,1977,-1,9,9-5-0,9.0-5.0,14,9,9,-0.35,Chuck Fairbanks,+50,undefined,NWE,AFC,AFC East
55,1976,Washington Redskins,2,10,10-4-0,9.3-4.7,14,11,9,-2.33,George Allen,undefined,undefined,1977,-1,9,9-5-0,7.3-6.7,14,21,4,-1.0,George Allen,+150,undefined,WAS,NFC,NFC East
56,1977,Dallas Cowboys,5,12,12-2-0,10.6-3.4,14,2,8,-1.66,Tom Landry,+40,undefined,1978,4,12,12-4-0,13.0-3.0,16,1,3,-0.03,Tom Landry,+25,undefined,DAL,NFC,NFC East
57,1977,Denver Broncos,4,12,12-2-0,11.4-2.6,14,10,3,2.33,Red Miller,+250,undefined,1978,2,10,10-6-0,11.2-4.8,16,15,2,-0.22,Red Miller,+100,undefined,DEN,AFC,AFC West
58,1977,Oakland Raiders,3,11,11-3-0,10.2-3.8,14,1,14,1.74,John Madden,+30,undefined,1978,-1,9,9-7-0,8.9-7.1,16,10,10,0.85,John Madden,+40,undefined,RAI,AFC,AFC West
59,1977,Minnesota Vikings,3,9,9-5-0,7.1-6.9,14,16,13,-1.86,Bud Grant,+80,undefined,1978,2,8,8-7-1,7.6-8.4,16,12,20,0.6,Bud Grant,+120,undefined,MIN,NFC,NFC Central
60,1977,Los Angeles Rams,2,10,10-4-0,11.9-2.1,14,4,2,-2.69,Chuck Knox,+40,undefined,1978,3,12,12-4-0,10.3-5.7,16,9,4,-1.22,Ray Malavasi,+45,undefined,RAM,NFC,NFC West
61,1977,Chicago Bears,2,9,9-5-0,7.1-6.9,14,13,19,-3.73,Jack Pardee,+100,undefined,1978,-1,7,7-9-0,7.2-8.8,16,20,9,-1.09,Neill Armstrong,+200,undefined,CHI,NFC,NFC Central
62,1977,Baltimore Colts,2,10,10-4-0,9.3-4.7,14,6,11,-0.25,Ted Marchibroda,+80,undefined,1978,-1,5,5-11-0,3.3-12.7,16,27,28,2.62,Ted Marchibroda,+120,undefined,CLT,AFC,AFC East
63,1977,Pittsburgh Steelers,2,9,9-5-0,8.3-5.7,14,7,17,3.37,Chuck Noll,+50,undefined,1978,5,14,14-2-0,12.9-3.1,16,5,1,-1.89,Chuck Noll,+150,undefined,PIT,AFC,AFC Central
64,1978,Pittsburgh Steelers,5,14,14-2-0,12.9-3.1,16,5,1,-1.89,Chuck Noll,+150,undefined,1979,5,12,12-4-0,12.0-4.0,16,1,5,2.29,Chuck Noll,+24,undefined,PIT,AFC,AFC Central
65,1978,Dallas Cowboys,4,12,12-4-0,13.0-3.0,16,1,3,-0.03,Tom Landry,+25,undefined,1979,2,11,11-5-0,9.6-6.4,16,5,12,-0.32,Tom Landry,+20,undefined,DAL,NFC,NFC East
66,1978,Houston Oilers,3,10,10-6-0,7.5-8.5,16,14,16,0.54,Bum Phillips,+500,undefined,1979,3,11,11-5-0,8.8-7.2,16,8,16,2.42,Bum Phillips,+250,undefined,OTI,AFC,AFC Central
67,1978,Los Angeles Rams,3,12,12-4-0,10.3-5.7,16,9,4,-1.22,Ray Malavasi,+45,undefined,1979,4,9,9-7-0,8.4-7.6,16,15,11,-1.5,Ray Malavasi,+40,undefined,RAM,NFC,NFC West
68,1978,New England Patriots,2,11,11-5-0,10.1-5.9,16,4,13,0.5,Hank Bullough,+120,undefined,1979,-1,9,9-7-0,10.1-5.9,16,2,15,-0.22,Ron Erhardt,+70,undefined,NWE,AFC,AFC East
69,1978,Minnesota Vikings,2,8,8-7-1,7.6-8.4,16,12,20,0.6,Bud Grant,+120,undefined,1979,-1,7,7-9-0,5.6-10.4,16,24,17,-2.67,Bud Grant,+350,undefined,MIN,NFC,NFC Central
70,1978,Denver Broncos,2,10,10-6-0,11.2-4.8,16,15,2,-0.22,Red Miller,+100,undefined,1979,1,10,10-6-0,8.9-7.1,16,20,5,2.42,Red Miller,+120,undefined,DEN,AFC,AFC West
71,1978,Atlanta Falcons,2,9,9-7-0,6.2-9.8,16,26,14,-1.47,Leeman Bennett,+500,undefined,1979,-1,6,6-10-0,5.6-10.4,16,19,26,-1.11,Leeman Bennett,+500,undefined,ATL,NFC,NFC West
72,1978,Miami Dolphins,1,11,11-5-0,11.4-4.6,16,2,6,0.18,Don Shula,+100,undefined,1979,2,10,10-6-0,10.6-5.4,16,11,4,-0.92,Don Shula,+90,undefined,MIA,AFC,AFC East
73,1978,Philadelphia Eagles,1,9,9-7-0,8.7-7.3,16,18,5,1.05,Dick Vermeil,+750,undefined,1979,2,11,11-5-0,9.7-6.3,16,12,9,-0.87,Dick Vermeil,+400,undefined,PHI,NFC,NFC East
74,1979,Pittsburgh Steelers,5,12,12-4-0,12.0-4.0,16,1,5,2.29,Chuck Noll,+24,undefined,1980,-1,9,9-7-0,9.1-6.9,16,10,15,-0.18,Chuck Noll,+24,undefined,PIT,AFC,AFC Central
75,1979,Los Angeles Rams,4,9,9-7-0,8.4-7.6,16,15,11,-1.5,Ray Malavasi,+40,undefined,1980,1,11,11-5-0,11.4-4.6,16,3,7,-1.91,Ray Malavasi,+26,undefined,RAM,NFC,NFC West
76,1979,Tampa Bay Buccaneers,3,10,10-6-0,9.3-6.7,16,21,1,-5.06,John McKay,+2500,undefined,1980,-1,5,5-10-1,5.9-10.1,16,23,20,-0.75,John McKay,+250,undefined,TAM,NFC,NFC Central
77,1979,Houston Oilers,3,11,11-5-0,8.8-7.2,16,8,16,2.42,Bum Phillips,+250,undefined,1980,1,11,11-5-0,9.5-6.5,16,20,2,-1.11,Bum Phillips,+70,undefined,OTI,AFC,AFC Central
78,1979,Dallas Cowboys,2,11,11-5-0,9.6-6.4,16,5,12,-0.32,Tom Landry,+20,undefined,1980,3,12,12-4-0,11.4-4.6,16,1,13,-0.96,Tom Landry,+80,undefined,DAL,NFC,NFC East
79,1979,Miami Dolphins,2,10,10-6-0,10.6-5.4,16,11,4,-0.92,Don Shula,+90,undefined,1980,-1,8,8-8-0,6.7-9.3,16,24,9,0.88,Don Shula,+150,undefined,MIA,AFC,AFC East
80,1979,San Diego Chargers,2,12,12-4-0,12.3-3.7,16,2,2,1.46,Don Coryell,+100,undefined,1980,3,11,11-5-0,10.3-5.7,16,4,18,0.35,Don Coryell,+70,undefined,SDG,AFC,AFC West
81,1979,Philadelphia Eagles,2,11,11-5-0,9.7-6.3,16,12,9,-0.87,Dick Vermeil,+400,undefined,1980,4,12,12-4-0,12.6-3.4,16,6,1,-0.41,Dick Vermeil,+80,undefined,PHI,NFC,NFC East
82,1979,Chicago Bears,1,10,10-6-0,9.9-6.1,16,18,3,-3.6,Neill Armstrong,+400,undefined,1980,-1,7,7-9-0,9.3-6.7,16,17,4,-1.09,Neill Armstrong,+300,undefined,CHI,NFC,NFC Central
83,1979,Denver Broncos,1,10,10-6-0,8.9-7.1,16,20,5,2.42,Red Miller,+120,undefined,1980,-1,8,8-8-0,7.6-8.4,16,16,16,1.29,Red Miller,+130,undefined,DEN,AFC,AFC West
84,1980,Oakland Raiders,5,11,11-5-0,9.6-6.4,16,7,10,0.58,Tom Flores,+350,undefined,1981,-1,7,7-9-0,5.9-10.1,16,25,15,0.75,Tom Flores,+50,undefined,RAI,AFC,AFC West
85,1980,Philadelphia Eagles,4,12,12-4-0,12.6-3.4,16,6,1,-0.41,Dick Vermeil,+80,undefined,1981,1,10,10-6-0,12.3-3.7,16,5,1,-0.52,Dick Vermeil,+60,undefined,PHI,NFC,NFC East
86,1980,San Diego Chargers,3,11,11-5-0,10.3-5.7,16,4,18,0.35,Don Coryell,+70,undefined,1981,3,10,10-6-0,9.9-6.1,16,1,26,-1.06,Don Coryell,+40,undefined,SDG,AFC,AFC West
87,1980,Dallas Cowboys,3,12,12-4-0,11.4-4.6,16,1,13,-0.96,Tom Landry,+80,undefined,1981,3,12,12-4-0,10.6-5.4,16,6,7,0.47,Tom Landry,+50,undefined,DAL,NFC,NFC East
88,1980,Cleveland Browns,2,11,11-5-0,9.3-6.7,16,8,12,-1.13,Sam Rutigliano,+400,undefined,1981,-1,5,5-11-0,5.2-10.8,16,24,23,-0.31,Sam Rutigliano,+70,undefined,CLE,AFC,AFC Central
89,1980,Atlanta Falcons,2,12,12-4-0,11.5-4.5,16,5,5,-0.47,Leeman Bennett,+500,undefined,1981,-1,7,7-9-0,9.7-6.3,16,2,18,-0.48,Leeman Bennett,+70,undefined,ATL,NFC,NFC West
90,1980,Buffalo Bills,2,11,11-5-0,9.9-6.1,16,12,3,0.19,Chuck Knox,+1000,undefined,1981,2,10,10-6-0,9.1-6.9,16,20,6,-0.86,Chuck Knox,+100,undefined,BUF,AFC,AFC East
91,1980,Minnesota Vikings,2,9,9-7-0,8.3-7.7,16,15,11,-0.88,Bud Grant,+500,undefined,1981,-1,7,7-9-0,6.8-9.2,16,13,21,0.71,Bud Grant,+250,undefined,MIN,NFC,NFC Central
92,1980,Houston Oilers,1,11,11-5-0,9.5-6.5,16,20,2,-1.11,Bum Phillips,+70,undefined,1981,-1,7,7-9-0,5.8-10.2,16,23,18,-0.06,Ed Biles,+90,undefined,OTI,AFC,AFC Central
93,1980,Los Angeles Rams,1,11,11-5-0,11.4-4.6,16,3,7,-1.91,Ray Malavasi,+26,undefined,1981,-1,6,6-10-0,6.6-9.4,16,21,17,0.6,Ray Malavasi,+80,undefined,RAM,NFC,NFC West
94,1981,San Francisco 49ers,5,13,13-3-0,11.2-4.8,16,7,2,-0.48,Bill Walsh,+500,undefined,1982,-1,3,3-6-0,4.6-4.4,9,7,23,-2.77,Bill Walsh,+50,undefined,SFO,NFC,NFC West
95,1981,Cincinnati Bengals,4,12,12-4-0,10.9-5.1,16,3,12,-1.81,Forrest Gregg,+600,undefined,1982,1,7,7-2-0,5.9-3.1,9,4,15,-2.48,Forrest Gregg,+70,undefined,CIN,AFC,AFC Central
96,1981,Dallas Cowboys,3,12,12-4-0,10.6-5.4,16,6,7,0.47,Tom Landry,+50,undefined,1982,3,6,6-3-0,6.7-2.3,9,5,3,-0.78,Tom Landry,+40,undefined,DAL,NFC,NFC East
97,1981,San Diego Chargers,3,10,10-6-0,9.9-6.1,16,1,26,-1.06,Don Coryell,+40,undefined,1982,2,6,6-3-0,5.9-3.1,9,1,24,-2.14,Don Coryell,+60,undefined,SDG,AFC,AFC West
98,1981,New York Giants,2,9,9-7-0,9.3-6.7,16,22,3,0.98,Ray Perkins,+2000,undefined,1982,-1,4,4-5-0,4.6-4.4,9,17,8,0.54,Ray Perkins,+250,undefined,NYG,NFC,NFC East
99,1981,Buffalo Bills,2,10,10-6-0,9.1-6.9,16,20,6,-0.86,Chuck Knox,+100,undefined,1982,-1,4,4-5-0,4.4-4.6,9,19,6,1.91,Chuck Knox,+150,undefined,BUF,AFC,AFC East
100,1981,Miami Dolphins,2,11,11-4-1,10.1-5.9,16,11,5,-1.5,Don Shula,+120,undefined,1982,4,7,7-2-0,6.5-2.5,9,10,2,0.79,Don Shula,+120,undefined,MIA,AFC,AFC East
101,1981,Tampa Bay Buccaneers,2,9,9-7-0,9.5-6.5,16,18,4,0.08,John McKay,+200,undefined,1982,1,5,5-4-0,3.9-5.1,9,18,16,3.1,John McKay,+350,undefined,TAM,NFC,NFC Central
102,1981,Philadelphia Eagles,1,10,10-6-0,12.3-3.7,16,5,1,-0.52,Dick Vermeil,+60,undefined,1982,-1,3,3-6-0,4.4-4.6,9,11,19,1.12,Dick Vermeil,+120,undefined,PHI,NFC,NFC East
103,1981,New York Jets,1,10,10-5-1,10.0-6.0,16,9,8,-2.41,Walt Michaels,+500,undefined,1982,3,6,6-3-0,6.4-2.6,9,3,10,1.75,Walt Michaels,+150,undefined,NYJ,AFC,AFC East
104,1982,Washington Redskins,5,8,8-1-0,6.5-2.5,9,12,1,0.48,Joe Gibbs,+350,undefined,1983,4,14,14-2-0,12.2-3.8,16,1,11,0.87,Joe Gibbs,+100,undefined,WAS,NFC,NFC East
105,1982,Miami Dolphins,4,7,7-2-0,6.5-2.5,9,10,2,0.79,Don Shula,+120,undefined,1983,2,12,12-4-0,11.8-4.2,16,7,1,-0.97,Don Shula,+120,undefined,MIA,AFC,AFC East
106,1982,New York Jets,3,6,6-3-0,6.4-2.6,9,3,10,1.75,Walt Michaels,+150,undefined,1983,-1,7,7-9-0,7.5-8.5,16,19,10,-0.06,Joe Walton,+80,undefined,NYJ,AFC,AFC East
107,1982,Dallas Cowboys,3,6,6-3-0,6.7-2.3,9,5,3,-0.78,Tom Landry,+40,undefined,1983,1,12,12-4-0,10.6-5.4,16,2,20,1.1,Tom Landry,+60,undefined,DAL,NFC,NFC East
108,1982,San Diego Chargers,2,6,6-3-0,5.9-3.1,9,1,24,-2.14,Don Coryell,+60,undefined,1983,-1,6,6-10-0,5.7-10.3,16,12,28,1.86,Don Coryell,+80,undefined,SDG,AFC,AFC West
109,1982,Green Bay Packers,2,5,5-3-1,6.0-3.0,9,5,11,-0.18,Bart Starr,+300,undefined,1983,-1,8,8-8-0,7.8-8.2,16,5,26,-1.25,Bart Starr,+100,undefined,GNB,NFC,NFC Central
110,1982,Minnesota Vikings,2,5,5-4-0,4.2-4.8,9,13,20,2.38,Bud Grant,+300,undefined,1983,-1,8,8-8-0,7.1-8.9,16,18,17,-1.06,Bud Grant,+300,undefined,MIN,NFC,NFC Central
111,1982,Los Angeles Raiders,2,8,8-1-0,5.9-3.1,9,2,22,-1.46,Tom Flores,+300,undefined,1983,5,12,12-4-0,10.5-5.5,16,3,13,0.27,Tom Flores,+120,undefined,RAI,AFC,AFC West
112,1982,Pittsburgh Steelers,1,6,6-3-0,6.2-2.8,9,8,4,-1.29,Chuck Noll,+150,undefined,1983,2,10,10-6-0,9.5-6.5,16,14,7,-3.34,Chuck Noll,+250,undefined,PIT,AFC,AFC Central
113,1982,Cincinnati Bengals,1,7,7-2-0,5.9-3.1,9,4,15,-2.48,Forrest Gregg,+70,undefined,1983,-1,7,7-9-0,9.3-6.7,16,16,6,-2.27,Forrest Gregg,+80,undefined,CIN,AFC,AFC Central
114,1982,Atlanta Falcons,1,5,5-4-0,4.1-4.9,9,14,21,-2.03,Leeman Bennett,+80,undefined,1983,-1,7,7-9-0,7.5-8.5,16,10,23,2.04,Dan Henning,+150,undefined,ATL,NFC,NFC West
115,1982,Tampa Bay Buccaneers,1,5,5-4-0,3.9-5.1,9,18,16,3.1,John McKay,+350,undefined,1983,-1,2,2-14-0,4.1-11.9,16,27,22,-0.32,John McKay,+500,undefined,TAM,NFC,NFC Central
116,1982,Detroit Lions,1,4,4-5-0,4.6-4.4,9,15,14,0.77,Monte Clark,+200,undefined,1983,2,9,9-7-0,9.8-6.2,16,15,2,-1.74,Monte Clark,+200,undefined,DET,NFC,NFC Central
117,1982,Cleveland Browns,1,4,4-5-0,3.1-5.9,9,23,17,1.16,Sam Rutigliano,+250,undefined,1983,-1,9,9-7-0,8.4-7.6,16,13,14,-3.07,Sam Rutigliano,+300,undefined,CLE,AFC,AFC Central
118,1982,New England Patriots,1,5,5-4-0,4.0-5.0,9,21,7,-0.85,Ron Meyer,+300,undefined,1983,-1,8,8-8-0,7.5-8.5,16,24,3,-0.08,Ron Meyer,+400,undefined,NWE,AFC,AFC East
119,1982,St. Louis Cardinals,1,5,5-4-0,3.3-5.7,9,25,12,1.16,Jim Hanifan,+750,undefined,1983,-1,8,8-7-1,6.7-9.3,16,9,25,2.3,Jim Hanifan,+1000,undefined,CRD,NFC,NFC East
120,1983,Los Angeles Raiders,5,12,12-4-0,10.5-5.5,16,3,13,0.27,Tom Flores,+120,undefined,1984,1,11,11-5-0,10.6-5.4,16,9,4,1.24,Tom Flores,+40,undefined,RAI,AFC,AFC West
121,1983,Washington Redskins,4,14,14-2-0,12.2-3.8,16,1,11,0.87,Joe Gibbs,+100,undefined,1984,2,11,11-5-0,10.9-5.1,16,3,11,-0.88,Joe Gibbs,+50,undefined,WAS,NFC,NFC East
122,1983,San Francisco 49ers,3,10,10-6-0,11.4-4.6,16,4,4,0.02,Bill Walsh,+150,undefined,1984,5,15,15-1-0,13.6-2.4,16,2,1,-2.75,Bill Walsh,+70,undefined,SFO,NFC,NFC West
123,1983,Seattle Seahawks,3,9,9-7-0,8.1-7.9,16,6,24,1.1,Chuck Knox,+1000,undefined,1984,2,12,12-4-0,11.5-4.5,16,5,5,0.49,Chuck Knox,+80,undefined,SEA,AFC,AFC West
124,1983,Los Angeles Rams,2,9,9-7-0,8.5-7.5,16,11,15,1.79,John Robinson,+400,undefined,1984,1,10,10-6-0,8.9-7.1,16,12,13,0.39,John Robinson,+120,undefined,RAM,NFC,NFC West
125,1983,Pittsburgh Steelers,2,10,10-6-0,9.5-6.5,16,14,7,-3.34,Chuck Noll,+250,undefined,1984,3,9,9-7-0,10.1-5.9,16,8,11,-1.56,Chuck Noll,+200,undefined,PIT,AFC,AFC Central
126,1983,Miami Dolphins,2,12,12-4-0,11.8-4.2,16,7,1,-0.97,Don Shula,+120,undefined,1984,4,14,14-2-0,12.5-3.5,16,1,7,-2.89,Don Shula,+50,undefined,MIA,AFC,AFC East
127,1983,Detroit Lions,2,9,9-7-0,9.8-6.2,16,15,2,-1.74,Monte Clark,+200,undefined,1984,-1,4,4-11-1,4.7-11.3,16,21,23,1.56,Monte Clark,+200,undefined,DET,NFC,NFC Central
128,1983,Dallas Cowboys,1,12,12-4-0,10.6-5.4,16,2,20,1.1,Tom Landry,+60,undefined,1984,-1,9,9-7-0,8.0-8.0,16,18,9,1.05,Tom Landry,+60,undefined,DAL,NFC,NFC East
129,1983,Denver Broncos,1,9,9-7-0,7.2-8.8,16,21,9,-1.25,Dan Reeves,+500,undefined,1984,2,13,13-3-0,11.4-4.6,16,11,2,0.65,Dan Reeves,+250,undefined,DEN,AFC,AFC West
130,1984,San Francisco 49ers,5,15,15-1-0,13.6-2.4,16,2,1,-2.75,Bill Walsh,+70,undefined,1985,1,10,10-6-0,11.9-4.1,16,5,2,-0.47,Bill Walsh,+30,undefined,SFO,NFC,NFC West
131,1984,Miami Dolphins,4,14,14-2-0,12.5-3.5,16,1,7,-2.89,Don Shula,+50,undefined,1985,3,12,12-4-0,10.7-5.3,16,4,12,0.27,Don Shula,+80,undefined,MIA,AFC,AFC East
132,1984,Chicago Bears,3,10,10-6-0,10.5-5.5,16,16,3,-0.08,Mike Ditka,+250,undefined,1985,5,15,15-1-0,14.1-1.9,16,2,1,-0.19,Mike Ditka,+100,undefined,CHI,NFC,NFC Central
133,1984,Pittsburgh Steelers,3,9,9-7-0,10.1-5.9,16,8,11,-1.56,Chuck Noll,+200,undefined,1985,-1,7,7-9-0,8.6-7.4,16,9,15,-1.99,Chuck Noll,+300,undefined,PIT,AFC,AFC Central
134,1984,Denver Broncos,2,13,13-3-0,11.4-4.6,16,11,2,0.65,Dan Reeves,+250,undefined,1985,-1,11,11-5-0,9.4-6.6,16,8,13,0.44,Dan Reeves,+140,undefined,DEN,AFC,AFC West
135,1984,Washington Redskins,2,11,11-5-0,10.9-5.1,16,3,11,-0.88,Joe Gibbs,+50,undefined,1985,-1,10,10-6-0,7.5-8.5,16,20,11,-1.0,Joe Gibbs,+110,undefined,WAS,NFC,NFC East
136,1984,New York Giants,2,9,9-7-0,7.9-8.1,16,19,8,0.97,Bill Parcells,+400,undefined,1985,2,10,10-6-0,11.1-4.9,16,6,5,-3.33,Bill Parcells,+250,undefined,NYG,NFC,NFC East
137,1984,Seattle Seahawks,2,12,12-4-0,11.5-4.5,16,5,5,0.49,Chuck Knox,+80,undefined,1985,-1,8,8-8-0,9.3-6.7,16,13,8,1.47,Chuck Knox,+90,undefined,SEA,AFC,AFC West
138,1984,Los Angeles Rams,1,10,10-6-0,8.9-7.1,16,12,13,0.39,John Robinson,+120,undefined,1985,3,11,11-5-0,9.9-6.1,16,15,4,-1.33,John Robinson,+250,undefined,RAM,NFC,NFC West
139,1984,Los Angeles Raiders,1,11,11-5-0,10.6-5.4,16,9,4,1.24,Tom Flores,+40,undefined,1985,2,12,12-4-0,9.3-6.7,16,12,9,1.47,Tom Flores,+80,undefined,RAI,AFC,AFC West
140,1985,Chicago Bears,5,15,15-1-0,14.1-1.9,16,2,1,-0.19,Mike Ditka,+100,undefined,1986,2,14,14-2-0,13.1-2.9,16,13,1,-2.71,Mike Ditka,+30,undefined,CHI,NFC,NFC Central
141,1985,New England Patriots,4,11,11-5-0,10.1-5.9,16,10,6,1.3,Raymond Berry,+300,undefined,1986,2,11,11-5-0,10.7-5.3,16,2,10,-0.86,Raymond Berry,+150,undefined,NWE,AFC,AFC East
142,1985,Miami Dolphins,3,12,12-4-0,10.7-5.3,16,4,12,0.27,Don Shula,+80,undefined,1986,-1,8,8-8-0,8.6-7.4,16,1,26,-1.09,Don Shula,+80,undefined,MIA,AFC,AFC East
143,1985,Los Angeles Rams,3,11,11-5-0,9.9-6.1,16,15,4,-1.33,John Robinson,+250,undefined,1986,1,10,10-6-0,9.4-6.6,16,17,4,-0.75,John Robinson,+120,undefined,RAM,NFC,NFC West
144,1985,Los Angeles Raiders,2,12,12-4-0,9.3-6.7,16,12,9,1.47,Tom Flores,+80,undefined,1986,-1,8,8-8-0,7.3-8.7,16,16,19,1.64,Tom Flores,+60,undefined,RAI,AFC,AFC West
145,1985,New York Giants,2,10,10-6-0,11.1-4.9,16,6,5,-3.33,Bill Parcells,+250,undefined,1986,5,14,14-2-0,11.9-4.1,16,8,2,0.61,Bill Parcells,+120,undefined,NYG,NFC,NFC East
146,1985,Dallas Cowboys,2,10,10-6-0,8.7-7.3,16,11,14,-1.27,Tom Landry,+150,undefined,1986,-1,7,7-9-0,8.2-7.8,16,14,18,1.53,Tom Landry,+150,undefined,DAL,NFC,NFC East
147,1985,Cleveland Browns,2,8,8-8-0,7.8-8.2,16,23,7,-0.83,Marty Schottenheimer,+500,undefined,1986,3,12,12-4-0,10.1-5.9,16,5,11,-1.44,Marty Schottenheimer,+150,undefined,CLE,AFC,AFC Central
148,1985,San Francisco 49ers,1,10,10-6-0,11.9-4.1,16,5,2,-0.47,Bill Walsh,+30,undefined,1986,2,10,10-5-1,11.6-4.4,16,7,3,-0.92,Bill Walsh,+50,undefined,SFO,NFC,NFC West
149,1985,New York Jets,1,11,11-5-0,11.5-4.5,16,7,3,0.91,Joe Walton,+400,undefined,1986,2,10,10-6-0,7.4-8.6,16,11,22,0.02,Joe Walton,+150,undefined,NYJ,AFC,AFC East
150,1986,New York Giants,5,14,14-2-0,11.9-4.1,16,8,2,0.61,Bill Parcells,+120,undefined,1987,-1,6,6-9-0,6.5-8.5,15,22,13,1.41,Bill Parcells,+40,undefined,NYG,NFC,NFC East
151,1986,Denver Broncos,4,11,11-5-0,9.4-6.6,16,6,15,1.97,Dan Reeves,+100,undefined,1987,4,10,10-4-1,9.9-5.1,15,4,7,-1.93,Dan Reeves,+70,undefined,DEN,AFC,AFC West
152,1986,Washington Redskins,3,12,12-4-0,10.0-6.0,16,9,9,1.05,Joe Gibbs,+180,undefined,1987,5,11,11-4-0,9.9-5.1,15,4,6,-2.46,Joe Gibbs,+100,undefined,WAS,NFC,NFC East
153,1986,Cleveland Browns,3,12,12-4-0,10.1-5.9,16,5,11,-1.44,Marty Schottenheimer,+150,undefined,1987,3,10,10-5-0,11.4-3.6,15,3,2,0.74,Marty Schottenheimer,+60,undefined,CLE,AFC,AFC Central
154,1986,San Francisco 49ers,2,10,10-5-1,11.6-4.4,16,7,3,-0.92,Bill Walsh,+50,undefined,1987,2,13,13-2-0,12.1-2.9,15,1,3,-0.43,Bill Walsh,+50,undefined,SFO,NFC,NFC West
155,1986,New England Patriots,2,11,11-5-0,10.7-5.3,16,2,10,-0.86,Raymond Berry,+150,undefined,1987,-1,8,8-7-0,8.3-6.7,15,15,9,1.32,Raymond Berry,+120,undefined,NWE,AFC,AFC East
156,1986,Chicago Bears,2,14,14-2-0,13.1-2.9,16,13,1,-2.71,Mike Ditka,+30,undefined,1987,2,11,11-4-0,9.5-5.5,15,9,4,-1.12,Mike Ditka,+50,undefined,CHI,NFC,NFC Central
157,1986,New York Jets,2,10,10-6-0,7.4-8.6,16,11,22,0.02,Joe Walton,+150,undefined,1987,-1,6,6-9-0,6.8-8.2,15,14,20,0.39,Joe Walton,+120,undefined,NYJ,AFC,AFC East
158,1986,Los Angeles Rams,1,10,10-6-0,9.4-6.6,16,17,4,-0.75,John Robinson,+120,undefined,1987,-1,6,6-9-0,6.4-8.6,15,16,22,1.14,John Robinson,+120,undefined,RAM,NFC,NFC West
159,1986,Kansas City Chiefs,1,10,10-6-0,8.9-7.1,16,12,13,-0.96,John Mackovic,+400,undefined,1987,-1,4,4-11-0,4.5-10.5,15,23,27,-0.34,Frank Gansz,+500,undefined,KAN,AFC,AFC West
160,1987,Washington Redskins,5,11,11-4-0,9.9-5.1,15,4,6,-2.46,Joe Gibbs,+100,undefined,1988,-1,7,7-9-0,6.9-9.1,16,10,26,0.41,Joe Gibbs,+60,undefined,WAS,NFC,NFC East
161,1987,Denver Broncos,4,10,10-4-1,9.9-5.1,15,4,7,-1.93,Dan Reeves,+70,undefined,1988,-1,8,8-8-0,7.3-8.7,16,15,20,-1.77,Dan Reeves,+60,undefined,DEN,AFC,AFC West
162,1987,Minnesota Vikings,3,8,8-7-0,7.5-7.5,15,13,16,-2.69,Jerry Burns,+500,undefined,1988,2,11,11-5-0,12.6-3.4,16,4,2,0.04,Jerry Burns,+60,undefined,MIN,NFC,NFC Central
163,1987,Cleveland Browns,3,10,10-5-0,11.4-3.6,15,3,2,0.74,Marty Schottenheimer,+60,undefined,1988,1,10,10-6-0,8.5-7.5,16,20,6,-0.53,Marty Schottenheimer,+40,undefined,CLE,AFC,AFC Central
164,1987,Chicago Bears,2,11,11-4-0,9.5-5.5,15,9,4,-1.12,Mike Ditka,+50,undefined,1988,3,12,12-4-0,11.3-4.7,16,18,1,0.53,Mike Ditka,+100,undefined,CHI,NFC,NFC Central
165,1987,Houston Oilers,2,9,9-6-0,7.4-7.6,15,10,19,2.19,Jerry Glanville,+1200,undefined,1988,2,10,10-6-0,9.4-6.6,16,2,22,-0.69,Jerry Glanville,+220,undefined,OTI,AFC,AFC Central
166,1987,San Francisco 49ers,2,13,13-2-0,12.1-2.9,15,1,3,-0.43,Bill Walsh,+50,undefined,1988,5,10,10-6-0,10.1-5.9,16,7,8,0.14,Bill Walsh,+30,undefined,SFO,NFC,NFC West
167,1987,Indianapolis Colts,2,9,9-6-0,9.5-5.5,15,18,1,0.12,Ron Meyer,+1500,undefined,1988,-1,9,9-7-0,9.1-6.9,16,9,11,0.77,Ron Meyer,+200,undefined,CLT,AFC,AFC East
168,1987,Seattle Seahawks,1,9,9-6-0,9.0-6.0,15,6,14,-1.86,Chuck Knox,+200,undefined,1988,2,9,9-7-0,8.3-7.7,16,12,16,-1.37,Chuck Knox,+100,undefined,SEA,AFC,AFC West
169,1987,New Orleans Saints,1,12,12-3-0,10.8-4.2,15,2,5,0.79,Jim Mora,+750,undefined,1988,-1,10,10-6-0,8.9-7.1,16,18,4,-0.3,Jim Mora,+60,undefined,NOR,NFC,NFC West
170,1988,San Francisco 49ers,5,10,10-6-0,10.1-5.9,16,7,8,0.14,Bill Walsh,+30,undefined,1989,5,14,14-2-0,12.6-3.4,16,1,3,-1.14,George Seifert,+600,10.5,SFO,NFC,NFC West
171,1988,Cincinnati Bengals,4,12,12-4-0,10.8-5.2,16,1,16,-1.3,Sam Wyche,+400,undefined,1989,-1,8,8-8-0,11.1-4.9,16,4,7,-0.5,Sam Wyche,+600,10.0,CIN,AFC,AFC Central
172,1988,Chicago Bears,3,12,12-4-0,11.3-4.7,16,18,1,0.53,Mike Ditka,+100,undefined,1989,-1,6,6-10-0,7.5-8.5,16,10,20,1.18,Mike Ditka,+1000,11.0,CHI,NFC,NFC Central
173,1988,Buffalo Bills,3,12,12-4-0,11.0-5.0,16,14,3,0.61,Marv Levy,+200,undefined,1989,2,9,9-7-0,10.3-5.7,16,3,14,-1.44,Marv Levy,+700,10.5,BUF,AFC,AFC East
174,1988,Minnesota Vikings,2,11,11-5-0,12.6-3.4,16,4,2,0.04,Jerry Burns,+60,undefined,1989,2,10,10-6-0,10.3-5.7,16,11,6,-0.45,Jerry Burns,+600,11.5,MIN,NFC,NFC Central
175,1988,Houston Oilers,2,10,10-6-0,9.4-6.6,16,2,22,-0.69,Jerry Glanville,+220,undefined,1989,1,9,9-7-0,6.9-9.1,16,7,26,0.41,Jerry Glanville,+1200,10.0,OTI,AFC,AFC Central
176,1988,Seattle Seahawks,2,9,9-7-0,8.3-7.7,16,12,16,-1.37,Chuck Knox,+100,undefined,1989,-1,7,7-9-0,5.2-10.8,16,27,16,2.61,Chuck Knox,+1500,9.0,SEA,AFC,AFC West
177,1988,Philadelphia Eagles,2,10,10-6-0,9.6-6.4,16,5,14,-0.35,Buddy Ryan,+220,undefined,1989,1,11,11-5-0,10.1-5.9,16,13,5,0.81,Buddy Ryan,+1200,10.5,PHI,NFC,NFC East
178,1988,Los Angeles Rams,1,10,10-6-0,11.0-5.0,16,3,7,-0.61,John Robinson,+250,undefined,1989,3,11,11-5-0,10.0-6.0,16,2,17,-0.55,John Robinson,+700,11.0,RAM,NFC,NFC West
179,1988,Cleveland Browns,1,10,10-6-0,8.5-7.5,16,20,6,-0.53,Marty Schottenheimer,+40,undefined,1989,3,9,9-6-1,10.5-5.5,16,14,4,-0.61,Bud Carson,+1500,10.0,CLE,AFC,AFC Central
180,1989,San Francisco 49ers,5,14,14-2-0,12.6-3.4,16,1,3,-1.14,George Seifert,+600,10.5,1990,3,14,14-2-0,11.5-4.5,16,8,2,-1.37,George Seifert,+350,11.5,SFO,NFC,NFC West
181,1989,Denver Broncos,4,11,11-5-0,12.1-3.9,16,8,1,0.84,Dan Reeves,+2000,9.5,1990,-1,5,5-11-0,6.9-9.1,16,16,23,1.89,Dan Reeves,+700,9.5,DEN,AFC,AFC West
182,1989,Los Angeles Rams,3,11,11-5-0,10.0-6.0,16,2,17,-0.55,John Robinson,+700,11.0,1990,-1,5,5-11-0,6.3-9.7,16,12,25,-0.05,John Robinson,+900,10.5,RAM,NFC,NFC West
183,1989,Cleveland Browns,3,9,9-6-1,10.5-5.5,16,14,4,-0.61,Bud Carson,+1500,10.0,1990,-1,3,3-13-0,2.5-13.5,16,27,28,1.66,Jim Shofner,+1200,9.0,CLE,AFC,AFC Central
184,1989,New York Giants,2,12,12-4-0,10.9-5.1,16,12,2,0.42,Bill Parcells,+1000,10.5,1990,5,13,13-3-0,12.0-4.0,16,15,1,-0.09,Bill Parcells,+800,10.0,NYG,NFC,NFC East
185,1989,Pittsburgh Steelers,2,9,9-7-0,6.1-9.9,16,24,15,0.12,Chuck Noll,+7500,6.0,1990,-1,9,9-7-0,9.8-6.2,16,20,3,-1.63,Chuck Noll,+2200,5.5,PIT,AFC,AFC Central
186,1989,Minnesota Vikings,2,10,10-6-0,10.3-5.7,16,11,6,-0.45,Jerry Burns,+600,11.5,1990,-1,6,6-10-0,8.7-7.3,16,9,16,0.87,Jerry Burns,+1000,10.0,MIN,NFC,NFC Central
187,1989,Buffalo Bills,2,9,9-7-0,10.3-5.7,16,3,14,-1.44,Marv Levy,+700,10.5,1990,4,13,13-3-0,12.2-3.8,16,1,6,-1.67,Marv Levy,+1200,9.5,BUF,AFC,AFC East
188,1989,Philadelphia Eagles,1,11,11-5-0,10.1-5.9,16,13,5,0.81,Buddy Ryan,+1200,10.5,1990,1,10,10-6-0,10.6-5.4,16,3,12,-0.48,Buddy Ryan,+1200,9.5,PHI,NFC,NFC East
189,1989,Houston Oilers,1,9,9-7-0,6.9-9.1,16,7,26,0.41,Jerry Glanville,+1200,10.0,1990,1,9,9-7-0,10.5-5.5,16,2,14,-0.93,Jack Pardee,+2000,8.5,OTI,AFC,AFC Central
190,1990,New York Giants,5,13,13-3-0,12.0-4.0,16,15,1,-0.09,Bill Parcells,+800,10.0,1991,-1,8,8-8-0,7.5-8.5,16,19,12,1.97,Ray Handley,+400,11.0,NYG,NFC,NFC East
191,1990,Buffalo Bills,4,13,13-3-0,12.2-3.8,16,1,6,-1.67,Marv Levy,+1200,9.5,1991,4,13,13-3-0,11.3-4.7,16,2,19,-5.18,Marv Levy,+350,12.0,BUF,AFC,AFC East
192,1990,San Francisco 49ers,3,14,14-2-0,11.5-4.5,16,8,2,-1.37,George Seifert,+350,11.5,1991,-1,10,10-6-0,12.2-3.8,16,3,4,1.23,George Seifert,+400,11.0,SFO,NFC,NFC West
193,1990,Los Angeles Raiders,3,12,12-4-0,10.1-5.9,16,13,7,2.25,Art Shell,+1800,8.5,1991,1,9,9-7-0,8.0-8.0,16,15,12,1.29,Art Shell,+600,10.0,RAI,AFC,AFC West
194,1990,Cincinnati Bengals,2,9,9-7-0,8.2-7.8,16,7,19,-1.6,Sam Wyche,+1500,9.5,1991,-1,3,3-13-0,3.7-12.3,16,23,28,2.1,Sam Wyche,+2000,9.0,CIN,AFC,AFC Central
195,1990,Chicago Bears,2,11,11-5-0,10.0-6.0,16,10,9,-0.83,Mike Ditka,+2000,8.5,1991,1,11,11-5-0,9.0-7.0,16,14,9,-1.04,Mike Ditka,+1800,8.0,CHI,NFC,NFC Central
196,1990,Washington Redskins,2,10,10-6-0,10.2-5.8,16,4,13,0.43,Joe Gibbs,+1200,9.5,1991,5,14,14-2-0,13.8-2.2,16,1,2,0.31,Joe Gibbs,+1000,9.5,WAS,NFC,NFC East
197,1990,Miami Dolphins,2,12,12-4-0,11.0-5.0,16,14,4,-1.18,Don Shula,+2500,7.5,1991,-1,8,8-8-0,7.8-8.2,16,6,24,-3.74,Don Shula,+1500,9.0,MIA,AFC,AFC East
198,1990,Houston Oilers,1,9,9-7-0,10.5-5.5,16,2,14,-0.93,Jack Pardee,+2000,8.5,1991,2,11,11-5-0,11.8-4.2,16,4,6,-0.08,Jack Pardee,+1800,9.0,OTI,AFC,AFC Central
199,1990,New Orleans Saints,1,8,8-8-0,8.0-8.0,16,22,8,-1.23,Jim Mora,+2000,9.0,1991,1,11,11-5-0,12.1-3.9,16,8,1,0.91,Jim Mora,+5000,8.0,NOR,NFC,NFC West
200,1990,Philadelphia Eagles,1,10,10-6-0,10.6-5.4,16,3,12,-0.48,Buddy Ryan,+1200,9.5,1991,-1,10,10-6-0,9.5-6.5,16,18,5,2.1,Rich Kotite,+1000,10.5,PHI,NFC,NFC East
201,1990,Kansas City Chiefs,1,11,11-5-0,11.2-4.8,16,6,5,-0.28,Marty Schottenheimer,+2200,8.5,1991,2,10,10-6-0,10.3-5.7,16,10,7,2.0,Marty Schottenheimer,+800,10.0,KAN,AFC,AFC West
202,1991,Washington Redskins,5,14,14-2-0,13.8-2.2,16,1,2,0.31,Joe Gibbs,+1000,9.5,1992,2,9,9-7-0,9.5-6.5,16,14,8,1.63,Joe Gibbs,+600,11.5,WAS,NFC,NFC East
203,1991,Buffalo Bills,4,13,13-3-0,11.3-4.7,16,2,19,-5.18,Marv Levy,+350,12.0,1992,4,11,11-5-0,10.7-5.3,16,3,14,-1.87,Marv Levy,+500,11.5,BUF,AFC,AFC East
204,1991,Detroit Lions,3,12,12-4-0,9.3-6.7,16,9,11,-1.78,Wayne Fontes,+4000,7.0,1992,-1,5,5-11-0,6.2-9.8,16,19,20,1.81,Wayne Fontes,+1800,9.0,DET,NFC,NFC Central
205,1991,Denver Broncos,3,12,12-4-0,10.4-5.6,16,12,3,-0.94,Dan Reeves,+3000,7.5,1992,-1,8,8-8-0,5.9-10.1,16,22,19,0.83,Dan Reeves,+1500,9.0,DEN,AFC,AFC West
206,1991,Dallas Cowboys,2,11,11-5-0,8.9-7.1,16,7,17,2.42,Jimmy Johnson,+2000,7.5,1992,5,13,13-3-0,12.4-3.6,16,2,5,-0.43,Jimmy Johnson,+1000,9.5,DAL,NFC,NFC East
207,1991,Kansas City Chiefs,2,10,10-6-0,10.3-5.7,16,10,7,2.0,Marty Schottenheimer,+800,10.0,1992,1,10,10-6-0,10.0-6.0,16,7,13,-0.68,Marty Schottenheimer,+2200,9.5,KAN,AFC,AFC West
208,1991,Atlanta Falcons,2,10,10-6-0,8.6-7.4,16,5,20,2.01,Jerry Glanville,+7500,7.0,1992,-1,6,6-10-0,5.8-10.2,16,11,28,1.36,Jerry Glanville,+3000,9.0,ATL,NFC,NFC West
209,1991,Houston Oilers,2,11,11-5-0,11.8-4.2,16,4,6,-0.08,Jack Pardee,+1800,9.0,1992,1,10,10-6-0,10.8-5.2,16,6,9,-0.33,Jack Pardee,+800,10.5,OTI,AFC,AFC Central
210,1991,New York Jets,1,8,8-8-0,8.7-7.3,16,11,10,-3.76,Bruce Coslet,+12500,6.0,1992,-1,4,4-12-0,4.8-11.2,16,25,18,-0.92,Bruce Coslet,+3000,8.0,NYJ,AFC,AFC East
211,1991,Chicago Bears,1,11,11-5-0,9.0-7.0,16,14,9,-1.04,Mike Ditka,+1800,8.0,1992,-1,5,5-11-0,6.1-9.9,16,16,22,0.64,Mike Ditka,+1800,9.0,CHI,NFC,NFC Central
212,1991,Los Angeles Raiders,1,9,9-7-0,8.0-8.0,16,15,12,1.29,Art Shell,+600,10.0,1992,-1,7,7-9-0,6.9-9.1,16,23,11,0.38,Art Shell,+1500,9.5,RAI,AFC,AFC West
213,1991,New Orleans Saints,1,11,11-5-0,12.1-3.9,16,8,1,0.91,Jim Mora,+5000,8.0,1992,1,12,12-4-0,12.2-3.8,16,10,1,-0.21,Jim Mora,+1800,9.5,NOR,NFC,NFC West
214,1992,Dallas Cowboys,5,13,13-3-0,12.4-3.6,16,2,5,-0.43,Jimmy Johnson,+1000,9.5,1993,5,12,12-4-0,12.2-3.8,16,2,2,0.45,Jimmy Johnson,+350,11.5,DAL,NFC,NFC East
215,1992,Buffalo Bills,4,11,11-5-0,10.7-5.3,16,3,14,-1.87,Marv Levy,+500,11.5,1993,4,12,12-4-0,10.8-5.2,16,7,5,-0.64,Marv Levy,+1000,9.5,BUF,AFC,AFC East
216,1992,Miami Dolphins,3,11,11-5-0,9.8-6.2,16,8,11,-2.22,Don Shula,+2500,8.5,1993,-1,9,9-7-0,7.9-8.1,16,5,24,-0.33,Don Shula,+1200,9.5,MIA,AFC,AFC East
217,1992,San Francisco 49ers,3,14,14-2-0,12.9-3.1,16,1,3,-0.4,George Seifert,+500,11.5,1993,3,10,10-6-0,12.1-3.9,16,1,16,-1.46,George Seifert,+400,11.5,SFO,NFC,NFC West
218,1992,San Diego Chargers,2,11,11-5-0,11.0-5.0,16,9,4,-2.77,Bobby Ross,+7500,7.0,1993,-1,8,8-8-0,9.0-7.0,16,10,12,0.27,Bobby Ross,+1200,9.5,SDG,AFC,AFC West
219,1992,Philadelphia Eagles,2,11,11-5-0,11.3-4.7,16,5,6,2.08,Rich Kotite,+800,10.5,1993,-1,8,8-8-0,7.3-8.7,16,17,19,1.79,Rich Kotite,+2500,8.5,PHI,NFC,NFC East
220,1992,Pittsburgh Steelers,2,11,11-5-0,10.6-5.4,16,15,2,-1.03,Bill Cowher,+6000,6.5,1993,1,9,9-7-0,8.9-7.1,16,13,8,-0.17,Bill Cowher,+1800,8.5,PIT,AFC,AFC Central
221,1992,Washington Redskins,2,9,9-7-0,9.5-6.5,16,14,8,1.63,Joe Gibbs,+600,11.5,1993,-1,4,4-12-0,4.4-11.6,16,25,23,0.66,Richie Petitbon,+1500,9.0,WAS,NFC,NFC East
222,1992,New Orleans Saints,1,12,12-4-0,12.2-3.8,16,10,1,-0.21,Jim Mora,+1800,9.5,1993,-1,8,8-8-0,7.3-8.7,16,11,22,0.28,Jim Mora,+2500,8.5,NOR,NFC,NFC West
223,1992,Houston Oilers,1,10,10-6-0,10.8-5.2,16,6,9,-0.33,Jack Pardee,+800,10.5,1993,2,12,12-4-0,11.8-4.2,16,4,4,-0.94,Jack Pardee,+1000,10.0,OTI,AFC,AFC Central
224,1992,Minnesota Vikings,1,11,11-5-0,11.6-4.4,16,4,7,-0.12,Dennis Green,+4000,7.5,1993,1,9,9-7-0,7.6-8.4,16,20,12,0.69,Dennis Green,+1500,8.5,MIN,NFC,NFC Central
225,1992,Kansas City Chiefs,1,10,10-6-0,10.0-6.0,16,7,13,-0.68,Marty Schottenheimer,+2200,9.5,1993,3,11,11-5-0,9.1-6.9,16,8,14,0.57,Marty Schottenheimer,+1000,10.0,KAN,AFC,AFC West
226,1993,Dallas Cowboys,5,12,12-4-0,12.2-3.8,16,2,2,0.45,Jimmy Johnson,+350,11.5,1994,3,12,12-4-0,12.3-3.7,16,2,3,-0.3,Barry Switzer,+300,11.0,DAL,NFC,NFC East
227,1993,Buffalo Bills,4,12,12-4-0,10.8-5.2,16,7,5,-0.64,Marv Levy,+1000,9.5,1994,-1,7,7-9-0,7.6-8.4,16,11,22,0.76,Marv Levy,+1000,9.5,BUF,AFC,AFC East
228,1993,San Francisco 49ers,3,10,10-6-0,12.1-3.9,16,1,16,-1.46,George Seifert,+400,11.5,1994,5,13,13-3-0,12.5-3.5,16,1,6,-1.43,George Seifert,+200,12.0,SFO,NFC,NFC West
229,1993,Kansas City Chiefs,3,11,11-5-0,9.1-6.9,16,8,14,0.57,Marty Schottenheimer,+1000,10.0,1994,1,9,9-7-0,8.6-7.4,16,14,7,-0.44,Marty Schottenheimer,+1200,9.5,KAN,AFC,AFC West
230,1993,Houston Oilers,2,12,12-4-0,11.8-4.2,16,4,4,-0.94,Jack Pardee,+1000,10.0,1994,-1,2,2-14-0,4.1-11.9,16,28,21,0.56,Jeff Fisher,+3000,8.5,OTI,AFC,AFC Central
231,1993,Green Bay Packers,2,9,9-7-0,9.7-6.3,16,6,9,-0.42,Mike Holmgren,+1200,9.0,1994,2,9,9-7-0,10.6-5.4,16,4,5,0.07,Mike Holmgren,+900,9.0,GNB,NFC,NFC Central
232,1993,New York Giants,2,11,11-5-0,11.1-4.9,16,18,1,-0.55,Dan Reeves,+5000,7.0,1994,-1,9,9-7-0,7.2-8.8,16,22,8,-0.06,Dan Reeves,+8000,7.0,NYG,NFC,NFC East
233,1993,Los Angeles Raiders,2,10,10-6-0,7.4-8.6,16,14,21,0.57,Art Shell,+3000,8.0,1994,-1,9,9-7-0,7.3-8.7,16,19,17,-0.08,Art Shell,+600,9.0,RAI,AFC,AFC West
234,1993,Denver Broncos,1,9,9-7-0,10.5-5.5,16,3,10,-0.53,Wade Phillips,+1500,9.0,1994,-1,7,7-9-0,6.8-9.2,16,10,25,-0.29,Wade Phillips,+600,10.0,DEN,AFC,AFC West
235,1993,Minnesota Vikings,1,9,9-7-0,7.6-8.4,16,20,12,0.69,Dennis Green,+1500,8.5,1994,1,10,10-6-0,9.2-6.8,16,7,13,0.6,Dennis Green,+1000,9.0,MIN,NFC,NFC Central
236,1993,Pittsburgh Steelers,1,9,9-7-0,8.9-7.1,16,13,8,-0.17,Bill Cowher,+1800,8.5,1994,3,12,12-4-0,10.7-5.3,16,16,2,-0.38,Bill Cowher,+1600,9.0,PIT,AFC,AFC Central
237,1993,Detroit Lions,1,10,10-6-0,8.2-7.8,16,16,15,-0.69,Wayne Fontes,+1500,8.5,1994,1,9,9-7-0,8.4-7.6,16,6,19,1.44,Wayne Fontes,+3400,8.0,DET,NFC,NFC Central
238,1994,San Francisco 49ers,5,13,13-3-0,12.5-3.5,16,1,6,-1.43,George Seifert,+200,12.0,1995,2,11,11-5-0,12.7-3.3,16,1,2,-0.68,George Seifert,+200,12.5,SFO,NFC,NFC West
239,1994,San Diego Chargers,4,11,11-5-0,10.0-6.0,16,5,9,-1.1,Bobby Ross,+7500,7.5,1995,1,9,9-7-0,7.9-8.1,16,19,6,1.61,Bobby Ross,+1500,9.0,SDG,AFC,AFC West
240,1994,Dallas Cowboys,3,12,12-4-0,12.3-3.7,16,2,3,-0.3,Barry Switzer,+300,11.0,1995,5,12,12-4-0,11.5-4.5,16,3,3,0.67,Barry Switzer,+300,11.5,DAL,NFC,NFC East
241,1994,Pittsburgh Steelers,3,12,12-4-0,10.7-5.3,16,16,2,-0.38,Bill Cowher,+1600,9.0,1995,4,11,11-5-0,10.0-6.0,16,5,9,-0.36,Bill Cowher,+800,10.5,PIT,AFC,AFC Central
242,1994,Miami Dolphins,2,10,10-6-0,9.6-6.4,16,3,17,0.34,Don Shula,+800,9.0,1995,1,9,9-7-0,9.7-6.3,16,7,10,-1.4,Don Shula,+600,10.5,MIA,AFC,AFC East
243,1994,Green Bay Packers,2,9,9-7-0,10.6-5.4,16,4,5,0.07,Mike Holmgren,+900,9.0,1995,3,11,11-5-0,10.3-5.7,16,6,4,0.41,Mike Holmgren,+2500,8.0,GNB,NFC,NFC Central
244,1994,Chicago Bears,2,9,9-7-0,6.8-9.2,16,24,10,0.33,Dave Wannstedt,+6500,7.0,1995,-1,9,9-7-0,8.8-7.2,16,8,22,0.35,Dave Wannstedt,+2500,9.0,CHI,NFC,NFC Central
245,1994,Cleveland Browns,2,11,11-5-0,12.3-3.7,16,11,1,-1.17,Bill Belichick,+5000,8.0,1995,-1,5,5-11-0,6.1-9.9,16,25,20,0.36,Bill Belichick,+1200,10.0,CLE,AFC,AFC Central
246,1994,New England Patriots,1,10,10-6-0,9.1-6.9,16,8,12,0.79,Bill Parcells,+1600,8.5,1995,-1,6,6-10-0,5.7-10.3,16,23,25,-0.25,Bill Parcells,+800,10.0,NWE,AFC,AFC East
247,1994,Minnesota Vikings,1,10,10-6-0,9.2-6.8,16,7,13,0.6,Dennis Green,+1000,9.0,1995,-1,8,8-8-0,8.6-7.4,16,4,27,2.02,Dennis Green,+2500,8.0,MIN,NFC,NFC Central
248,1994,Kansas City Chiefs,1,9,9-7-0,8.6-7.4,16,14,7,-0.44,Marty Schottenheimer,+1200,9.5,1995,2,13,13-3-0,11.5-4.5,16,12,1,0.33,Marty Schottenheimer,+3500,8.0,KAN,AFC,AFC West
249,1994,Detroit Lions,1,9,9-7-0,8.4-7.6,16,6,19,1.44,Wayne Fontes,+3400,8.0,1995,1,10,10-6-0,10.4-5.6,16,2,14,0.64,Wayne Fontes,+3500,8.5,DET,NFC,NFC Central
250,1995,Dallas Cowboys,5,12,12-4-0,11.5-4.5,16,3,3,0.67,Barry Switzer,+300,11.5,1996,2,10,10-6-0,9.3-6.7,16,25,3,0.13,Barry Switzer,+600,10.5,DAL,NFC,NFC East
251,1995,Pittsburgh Steelers,4,11,11-5-0,10.0-6.0,16,5,9,-0.36,Bill Cowher,+800,10.5,1996,2,10,10-6-0,10.7-5.3,16,11,4,-0.28,Bill Cowher,+1000,10.0,PIT,AFC,AFC Central
252,1995,Indianapolis Colts,3,9,9-7-0,8.4-7.6,16,17,5,-2.27,Ted Marchibroda,+3500,8.0,1996,1,9,9-7-0,7.5-8.5,16,16,18,-0.59,Lindy Infante,+2000,8.5,CLT,AFC,AFC East
253,1995,Green Bay Packers,3,11,11-5-0,10.3-5.7,16,6,4,0.41,Mike Holmgren,+2500,8.0,1996,5,13,13-3-0,13.8-2.2,16,1,1,-0.12,Mike Holmgren,+800,10.0,GNB,NFC,NFC Central
254,1995,Kansas City Chiefs,2,13,13-3-0,11.5-4.5,16,12,1,0.33,Marty Schottenheimer,+3500,8.0,1996,-1,9,9-7-0,7.9-8.1,16,24,11,2.02,Marty Schottenheimer,+1200,9.0,KAN,AFC,AFC West
255,1995,Philadelphia Eagles,2,10,10-6-0,7.4-8.6,16,21,15,-0.47,Ray Rhodes,+2500,8.5,1996,1,10,10-6-0,8.6-7.4,16,9,21,-0.82,Ray Rhodes,+3000,9.0,PHI,NFC,NFC East
256,1995,San Francisco 49ers,2,11,11-5-0,12.7-3.3,16,1,2,-0.68,George Seifert,+200,12.5,1996,2,12,12-4-0,11.8-4.2,16,3,4,-0.83,George Seifert,+250,12.0,SFO,NFC,NFC West
257,1995,Buffalo Bills,2,10,10-6-0,8.4-7.6,16,13,12,-1.83,Marv Levy,+2000,8.5,1996,1,10,10-6-0,9.7-6.3,16,15,6,-0.43,Marv Levy,+1500,8.5,BUF,AFC,AFC East
258,1995,Atlanta Falcons,1,9,9-7-0,8.3-7.7,16,11,19,-0.74,June Jones,+7500,7.5,1996,-1,3,3-13-0,4.5-11.5,16,19,30,0.35,June Jones,+4000,8.0,ATL,NFC,NFC West
259,1995,San Diego Chargers,1,9,9-7-0,7.9-8.1,16,19,6,1.61,Bobby Ross,+1500,9.0,1996,-1,8,8-8-0,6.2-9.8,16,18,24,2.37,Bobby Ross,+2500,8.0,SDG,AFC,AFC West
260,1995,Detroit Lions,1,10,10-6-0,10.4-5.6,16,2,14,0.64,Wayne Fontes,+3500,8.5,1996,-1,5,5-11-0,6.2-9.8,16,21,22,1.23,Wayne Fontes,+1500,8.5,DET,NFC,NFC Central
261,1995,Miami Dolphins,1,9,9-7-0,9.7-6.3,16,7,10,-1.4,Don Shula,+600,10.5,1996,-1,8,8-8-0,8.4-7.6,16,13,17,-0.59,Jimmy Johnson,+1800,9.0,MIA,AFC,AFC East
262,1996,Green Bay Packers,5,13,13-3-0,13.8-2.2,16,1,1,-0.12,Mike Holmgren,+800,10.0,1997,4,13,13-3-0,11.6-4.4,16,2,5,-1.08,Mike Holmgren,+250,12.0,GNB,NFC,NFC Central
263,1996,New England Patriots,4,11,11-5-0,10.6-5.4,16,2,14,-1.45,Bill Parcells,+2000,8.5,1997,2,10,10-6-0,10.3-5.7,16,8,8,0.33,Pete Carroll,+1200,9.5,NWE,AFC,AFC East
264,1996,Jacksonville Jaguars,3,9,9-7-0,7.7-8.3,16,14,19,-0.92,Tom Coughlin,+6000,5.5,1997,1,11,11-5-0,10.0-6.0,16,3,15,0.72,Tom Coughlin,+2000,8.0,JAX,AFC,AFC Central
265,1996,Carolina Panthers,3,12,12-4-0,12.4-3.6,16,7,2,-2.26,Dom Capers,+8000,5.5,1997,-1,7,7-9-0,6.4-9.6,16,27,13,-0.49,Dom Capers,+1800,10.0,CAR,NFC,NFC West
266,1996,Pittsburgh Steelers,2,10,10-6-0,10.7-5.3,16,11,4,-0.28,Bill Cowher,+1000,10.0,1997,3,11,11-5-0,9.8-6.2,16,7,11,1.25,Bill Cowher,+1500,9.0,PIT,AFC,AFC Central
267,1996,Dallas Cowboys,2,10,10-6-0,9.3-6.7,16,25,3,0.13,Barry Switzer,+600,10.5,1997,-1,6,6-10-0,7.7-8.3,16,22,13,-0.14,Barry Switzer,+500,10.5,DAL,NFC,NFC East
268,1996,Denver Broncos,2,13,13-3-0,11.2-4.8,16,4,7,0.33,Mike Shanahan,+2000,8.5,1997,5,12,12-4-0,12.2-3.8,16,1,6,-0.86,Mike Shanahan,+1000,10.5,DEN,AFC,AFC West
269,1996,San Francisco 49ers,2,12,12-4-0,11.8-4.2,16,3,4,-0.83,George Seifert,+250,12.0,1997,3,13,13-3-0,11.1-4.9,16,5,3,-1.81,Steve Mariucci,+450,11.0,SFO,NFC,NFC West
270,1996,Philadelphia Eagles,1,10,10-6-0,8.6-7.4,16,9,21,-0.82,Ray Rhodes,+3000,9.0,1997,-1,6,6-9-1,6.5-9.5,16,19,24,0.48,Ray Rhodes,+2000,9.0,PHI,NFC,NFC East
271,1996,Indianapolis Colts,1,9,9-7-0,7.5-8.5,16,16,18,-0.59,Lindy Infante,+2000,8.5,1997,-1,3,3-13-0,5.7-10.3,16,20,26,1.17,Lindy Infante,+4000,8.0,CLT,AFC,AFC East
272,1996,Buffalo Bills,1,10,10-6-0,9.7-6.3,16,15,6,-0.43,Marv Levy,+1500,8.5,1997,-1,6,6-10-0,4.7-11.3,16,29,23,2.49,Marv Levy,+3000,8.0,BUF,AFC,AFC East
273,1996,Minnesota Vikings,1,9,9-7-0,7.5-8.5,16,23,15,0.92,Dennis Green,+5000,8.0,1997,2,9,9-7-0,7.9-8.1,16,11,19,0.21,Dennis Green,+4000,8.0,MIN,NFC,NFC Central
274,1997,Denver Broncos,5,12,12-4-0,12.2-3.8,16,1,6,-0.86,Mike Shanahan,+1000,10.5,1998,5,14,14-2-0,12.1-3.9,16,2,8,-3.13,Mike Shanahan,+600,11.0,DEN,AFC,AFC West
275,1997,Green Bay Packers,4,13,13-3-0,11.6-4.4,16,2,5,-1.08,Mike Holmgren,+250,12.0,1998,1,11,11-5-0,10.3-5.7,16,6,11,-0.55,Mike Holmgren,+250,11.5,GNB,NFC,NFC Central
276,1997,Pittsburgh Steelers,3,11,11-5-0,9.8-6.2,16,7,11,1.25,Bill Cowher,+1500,9.0,1998,-1,7,7-9-0,6.7-9.3,16,28,7,-1.29,Bill Cowher,+1200,9.5,PIT,AFC,AFC Central
277,1997,San Francisco 49ers,3,13,13-3-0,11.1-4.9,16,5,3,-1.81,Steve Mariucci,+450,11.0,1998,2,12,12-4-0,11.4-4.6,16,3,13,1.17,Steve Mariucci,+350,11.5,SFO,NFC,NFC West
278,1997,Kansas City Chiefs,2,13,13-3-0,12.1-3.9,16,5,1,-0.54,Marty Schottenheimer,+2000,8.0,1998,-1,7,7-9-0,7.0-9.0,16,14,22,-0.85,Marty Schottenheimer,+800,10.5,KAN,AFC,AFC West
279,1997,Tampa Bay Buccaneers,2,10,10-6-0,9.2-6.8,16,23,2,0.46,Tony Dungy,+6000,7.0,1998,-1,8,8-8-0,8.6-7.4,16,18,5,0.08,Tony Dungy,+1500,9.5,TAM,NFC,NFC Central
280,1997,Minnesota Vikings,2,9,9-7-0,7.9-8.1,16,11,19,0.21,Dennis Green,+4000,8.0,1998,3,15,15-1-0,13.1-2.9,16,1,6,-1.36,Dennis Green,+2000,8.5,MIN,NFC,NFC Central
281,1997,New England Patriots,2,10,10-6-0,10.3-5.7,16,8,8,0.33,Pete Carroll,+1200,9.5,1998,1,9,9-7-0,8.2-7.8,16,11,14,3.38,Pete Carroll,+1500,10.0,NWE,AFC,AFC East
282,1997,Detroit Lions,1,9,9-7-0,10.0-6.0,16,4,10,-0.61,Bobby Ross,+3000,8.0,1998,-1,5,5-11-0,6.0-10.0,16,20,24,1.1,Bobby Ross,+3000,8.5,DET,NFC,NFC Central
283,1997,Miami Dolphins,1,9,9-7-0,8.3-7.7,16,13,16,0.57,Jimmy Johnson,+1800,9.0,1998,2,10,10-6-0,9.8-6.2,16,16,1,2.38,Jimmy Johnson,+3000,9.0,MIA,AFC,AFC East
284,1997,New York Giants,1,10,10-5-1,9.4-6.6,16,21,3,-1.13,Jim Fassel,+7500,7.0,1998,-1,8,8-8-0,7.3-8.7,16,23,8,-1.86,Jim Fassel,+5000,7.5,NYG,NFC,NFC East
285,1997,Jacksonville Jaguars,1,11,11-5-0,10.0-6.0,16,3,15,0.72,Tom Coughlin,+2000,8.0,1998,2,11,11-5-0,9.4-6.6,16,8,17,-0.91,Tom Coughlin,+800,10.5,JAX,AFC,AFC Central
286,1998,Denver Broncos,5,14,14-2-0,12.1-3.9,16,2,8,-3.13,Mike Shanahan,+600,11.0,1999,-1,6,6-10-0,7.9-8.1,16,18,11,3.64,Mike Shanahan,+500,10.5,DEN,AFC,AFC West
287,1998,Atlanta Falcons,4,14,14-2-0,11.7-4.3,16,4,4,0.42,Dan Reeves,+6000,7.0,1999,-1,5,5-11-0,5.4-10.6,16,23,25,-1.13,Dan Reeves,+1000,10.0,ATL,NFC,NFC West
288,1998,New York Jets,3,12,12-4-0,11.9-4.1,16,5,2,1.82,Bill Parcells,+2500,8.5,1999,-1,8,8-8-0,8.0-8.0,16,19,9,3.13,Bill Parcells,+700,10.5,NYJ,AFC,AFC East
289,1998,Minnesota Vikings,3,15,15-1-0,13.1-2.9,16,1,6,-1.36,Dennis Green,+2000,8.5,1999,2,10,10-6-0,9.6-6.4,16,5,18,0.37,Dennis Green,+450,11.5,MIN,NFC,NFC Central
290,1998,Jacksonville Jaguars,2,11,11-5-0,9.4-6.6,16,8,17,-0.91,Tom Coughlin,+800,10.5,1999,3,14,14-2-0,12.9-3.1,16,6,1,-4.83,Tom Coughlin,+600,11.5,JAX,AFC,AFC Central
291,1998,Arizona Cardinals,2,9,9-7-0,6.6-9.4,16,15,24,-4.06,Vince Tobin,+6000,7.5,1999,-1,6,6-10-0,4.1-11.9,16,30,27,-0.19,Vince Tobin,+4000,8.0,CRD,NFC,NFC East
292,1998,Miami Dolphins,2,10,10-6-0,9.8-6.2,16,16,1,2.38,Jimmy Johnson,+3000,9.0,1999,2,9,9-7-0,7.7-8.3,16,13,19,2.52,Jimmy Johnson,+1000,10.0,MIA,AFC,AFC East
293,1998,San Francisco 49ers,2,12,12-4-0,11.4-4.6,16,3,13,1.17,Steve Mariucci,+350,11.5,1999,-1,4,4-12-0,4.3-11.7,16,22,30,-1.45,Steve Mariucci,+800,10.5,SFO,NFC,NFC West
294,1998,Green Bay Packers,1,11,11-5-0,10.3-5.7,16,6,11,-0.55,Mike Holmgren,+250,11.5,1999,-1,8,8-8-0,8.4-7.6,16,10,20,0.59,Ray Rhodes,+700,10.5,GNB,NFC,NFC Central
295,1998,New England Patriots,1,9,9-7-0,8.2-7.8,16,11,14,3.38,Pete Carroll,+1500,10.0,1999,-1,8,8-8-0,8.5-7.5,16,20,7,1.29,Pete Carroll,+4000,8.0,NWE,AFC,AFC East
296,1998,Buffalo Bills,1,10,10-6-0,9.7-6.3,16,7,15,0.98,Wade Phillips,+5000,6.5,1999,1,11,11-5-0,11.0-5.0,16,16,2,1.45,Wade Phillips,+2000,9.0,BUF,AFC,AFC East
297,1998,Dallas Cowboys,1,10,10-6-0,10.9-5.1,16,9,3,-3.14,Chan Gailey,+3500,8.5,1999,1,8,8-8-0,10.2-5.8,16,11,5,-1.64,Chan Gailey,+2200,8.5,DAL,NFC,NFC East
298,1999,St. Louis Rams,5,13,13-3-0,13.8-2.2,16,1,4,-5.88,Dick Vermeil,+15000,5.5,2000,1,10,10-6-0,9.3-6.7,16,1,31,-1.17,Mike Martz,+300,11.0,RAM,NFC,NFC West
299,1999,Tennessee Titans,4,13,13-3-0,9.8-6.2,16,7,15,-3.22,Jeff Fisher,+3000,9.0,2000,2,13,13-3-0,12.9-3.1,16,13,2,-1.34,Jeff Fisher,+800,10.5,OTI,AFC,AFC Central
300,1999,Jacksonville Jaguars,3,14,14-2-0,12.9-3.1,16,6,1,-4.83,Tom Coughlin,+600,11.5,2000,-1,7,7-9-0,9.1-6.9,16,8,16,-1.36,Tom Coughlin,+1200,11.0,JAX,AFC,AFC Central
301,1999,Tampa Bay Buccaneers,3,11,11-5-0,9.3-6.7,16,27,3,0.42,Tony Dungy,+1000,9.5,2000,1,10,10-6-0,11.3-4.7,16,6,7,-0.12,Tony Dungy,+700,10.5,TAM,NFC,NFC Central
302,1999,Indianapolis Colts,2,13,13-3-0,10.2-5.8,16,3,17,0.48,Jim Mora,+7500,6.5,2000,1,10,10-6-0,10.5-5.5,16,4,15,1.47,Jim Mora,+1000,10.5,CLT,AFC,AFC East
303,1999,Minnesota Vikings,2,10,10-6-0,9.6-6.4,16,5,18,0.37,Dennis Green,+450,11.5,2000,3,11,11-5-0,8.6-7.4,16,5,24,0.29,Dennis Green,+4000,7.5,MIN,NFC,NFC Central
304,1999,Washington Redskins,2,10,10-6-0,9.5-6.5,16,2,24,-1.25,Norv Turner,+2500,8.0,2000,-1,8,8-8-0,8.4-7.6,16,24,7,0.22,Terry Robiskie,+350,11.5,WAS,NFC,NFC East
305,1999,Miami Dolphins,2,9,9-7-0,7.7-8.3,16,13,19,2.52,Jimmy Johnson,+1000,10.0,2000,2,11,11-5-0,11.2-4.8,16,16,3,1.05,Dave Wannstedt,+6000,7.5,MIA,AFC,AFC East
306,1999,Dallas Cowboys,1,8,8-8-0,10.2-5.8,16,11,5,-1.64,Chan Gailey,+2200,8.5,2000,-1,5,5-11-0,6.1-9.9,16,23,22,-0.39,Dave Campo,+4000,8.0,DAL,NFC,NFC East
307,1999,Seattle Seahawks,1,9,9-7-0,9.2-6.8,16,12,8,2.02,Mike Holmgren,+1800,9.5,2000,-1,6,6-10-0,5.8-10.2,16,19,25,1.58,Mike Holmgren,+4000,8.0,SEA,AFC,AFC West
308,1999,Detroit Lions,1,8,8-8-0,8.0-8.0,16,15,14,1.98,Bobby Ross,+15000,5.5,2000,-1,9,9-7-0,8.0-8.0,16,22,11,1.41,Gary Moeller,+4000,7.0,DET,NFC,NFC Central
309,1999,Buffalo Bills,1,11,11-5-0,11.0-5.0,16,16,2,1.45,Wade Phillips,+2000,9.0,2000,-1,8,8-8-0,7.0-9.0,16,20,18,2.17,Wade Phillips,+2000,8.5,BUF,AFC,AFC East
310,2000,Baltimore Ravens,5,12,12-4-0,13.5-2.5,16,14,1,-2.48,Brian Billick,+2200,9.0,2001,2,10,10-6-0,9.3-6.7,16,18,4,0.83,Brian Billick,+800,11.0,RAV,AFC,AFC Central
311,2000,New York Giants,4,12,12-4-0,10.6-5.4,16,15,5,-2.69,Jim Fassel,+6000,7.5,2001,-1,7,7-9-0,7.2-8.8,16,21,16,-0.1,Jim Fassel,+1500,9.0,NYG,NFC,NFC East
312,2000,Oakland Raiders,3,12,12-4-0,12.1-3.9,16,3,9,-1.51,Jon Gruden,+1500,9.0,2001,2,10,10-6-0,9.9-6.1,16,4,19,-0.88,Jon Gruden,+1500,10.0,RAI,AFC,AFC West
313,2000,Minnesota Vikings,3,11,11-5-0,8.6-7.4,16,5,24,0.29,Dennis Green,+4000,7.5,2001,-1,5,5-11-0,5.3-10.7,16,24,26,1.52,Mike Tice,+1800,9.0,MIN,NFC,NFC Central
314,2000,Tennessee Titans,2,13,13-3-0,12.9-3.1,16,13,2,-1.34,Jeff Fisher,+800,10.5,2001,-1,7,7-9-0,6.6-9.4,16,12,25,1.2,Jeff Fisher,+700,11.0,OTI,AFC,AFC Central
315,2000,Philadelphia Eagles,2,11,11-5-0,11.2-4.8,16,12,4,-3.57,Andy Reid,+7500,7.5,2001,3,11,11-5-0,12.3-3.7,16,9,2,-0.71,Andy Reid,+2000,9.0,PHI,NFC,NFC East
316,2000,Miami Dolphins,2,11,11-5-0,11.2-4.8,16,16,3,1.05,Dave Wannstedt,+6000,7.5,2001,1,11,11-5-0,9.6-6.4,16,8,11,-0.66,Dave Wannstedt,+3000,8.0,MIA,AFC,AFC East
317,2000,New Orleans Saints,2,10,10-6-0,9.4-6.6,16,10,10,-2.18,Jim Haslett,+10000,6.5,2001,-1,7,7-9-0,6.1-9.9,16,13,27,-0.07,Jim Haslett,+2000,8.0,NOR,NFC,NFC West
318,2000,Denver Broncos,1,11,11-5-0,10.5-5.5,16,2,23,-2.21,Mike Shanahan,+1200,10.0,2001,-1,8,8-8-0,8.0-8.0,16,10,21,-0.53,Mike Shanahan,+800,10.5,DEN,AFC,AFC West
319,2000,Tampa Bay Buccaneers,1,10,10-6-0,11.3-4.7,16,6,7,-0.12,Tony Dungy,+700,10.5,2001,1,9,9-7-0,9.4-6.6,16,15,8,1.28,Tony Dungy,+600,10.0,TAM,NFC,NFC Central
320,2000,St. Louis Rams,1,10,10-6-0,9.3-6.7,16,1,31,-1.17,Mike Martz,+300,11.0,2001,4,14,14-2-0,13.0-3.0,16,1,7,-1.02,Mike Martz,+400,11.0,RAM,NFC,NFC West
321,2000,Indianapolis Colts,1,10,10-6-0,10.5-5.5,16,4,15,1.47,Jim Mora,+1000,10.5,2001,-1,6,6-10-0,6.5-9.5,16,2,31,0.79,Jim Mora,+1200,10.0,CLT,AFC,AFC East
322,2001,New England Patriots,5,11,11-5-0,10.8-5.2,16,6,6,-1.85,Bill Belichick,+6000,6.5,2002,-1,9,9-7-0,8.9-7.1,16,10,17,1.84,Bill Belichick,+2000,8.0,NWE,AFC,AFC East
323,2001,St. Louis Rams,4,14,14-2-0,13.0-3.0,16,1,7,-1.02,Mike Martz,+400,11.0,2002,-1,7,7-9-0,6.5-9.5,16,23,23,-0.02,Mike Martz,+350,11.0,RAM,NFC,NFC West
324,2001,Philadelphia Eagles,3,11,11-5-0,12.3-3.7,16,9,2,-0.71,Andy Reid,+2000,9.0,2002,3,12,12-4-0,12.5-3.5,16,4,2,-2.58,Andy Reid,+1000,10.0,PHI,NFC,NFC East
325,2001,Pittsburgh Steelers,3,13,13-3-0,12.3-3.7,16,7,3,-1.4,Bill Cowher,+5000,7.5,2002,2,10,10-5-1,9.2-6.8,16,8,16,-0.11,Bill Cowher,+800,10.5,PIT,AFC,AFC Central
326,2001,Green Bay Packers,2,12,12-4-0,11.4-4.6,16,5,5,-1.12,Mike Sherman,+2000,9.0,2002,1,12,12-4-0,9.8-6.2,16,6,12,-0.8,Mike Sherman,+1000,10.0,GNB,NFC,NFC Central
327,2001,Baltimore Ravens,2,10,10-6-0,9.3-6.7,16,18,4,0.83,Brian Billick,+800,11.0,2002,-1,7,7-9-0,6.9-9.1,16,23,19,0.26,Brian Billick,+6000,7.0,RAV,AFC,AFC Central
328,2001,Chicago Bears,2,13,13-3-0,12.3-3.7,16,11,1,-0.53,Dick Jauron,+7500,7.0,2002,-1,4,4-12-0,5.3-10.7,16,27,25,0.86,Dick Jauron,+2500,8.0,CHI,NFC,NFC Central
329,2001,Oakland Raiders,2,10,10-6-0,9.9-6.1,16,4,19,-0.88,Jon Gruden,+1500,10.0,2002,4,11,11-5-0,11.5-4.5,16,2,6,1.51,Bill Callahan,+1200,9.0,RAI,AFC,AFC West
330,2001,Miami Dolphins,1,11,11-5-0,9.6-6.4,16,8,11,-0.66,Dave Wannstedt,+3000,8.0,2002,-1,9,9-7-0,10.1-5.9,16,12,4,1.25,Dave Wannstedt,+1500,9.0,MIA,AFC,AFC East
331,2001,San Francisco 49ers,1,12,12-4-0,11.3-4.7,16,3,9,-1.1,Steve Mariucci,+4000,7.5,2002,2,10,10-6-0,8.4-7.6,16,13,18,-0.37,Steve Mariucci,+2000,10.0,SFO,NFC,NFC West
332,2001,New York Jets,1,10,10-6-0,8.4-7.6,16,17,12,0.02,Herm Edwards,+2200,8.0,2002,2,9,9-7-0,8.6-7.4,16,15,14,1.73,Herm Edwards,+3000,8.0,NYJ,AFC,AFC East
333,2001,Tampa Bay Buccaneers,1,9,9-7-0,9.4-6.6,16,15,8,1.28,Tony Dungy,+600,10.0,2002,5,12,12-4-0,12.7-3.3,16,18,1,-0.57,Jon Gruden,+1200,9.0,TAM,NFC,NFC Central
334,2002,Tampa Bay Buccaneers,5,12,12-4-0,12.7-3.3,16,18,1,-0.57,Jon Gruden,+1200,9.0,2003,-1,7,7-9-0,9.2-6.8,16,18,4,-0.71,Jon Gruden,+800,10.5,TAM,NFC,NFC South
335,2002,Oakland Raiders,4,11,11-5-0,11.5-4.5,16,2,6,1.51,Bill Callahan,+1200,9.0,2003,-1,4,4-12-0,4.9-11.1,16,26,25,1.34,Bill Callahan,+1200,9.5,RAI,AFC,AFC West
336,2002,Philadelphia Eagles,3,12,12-4-0,12.5-3.5,16,4,2,-2.58,Andy Reid,+1000,10.0,2003,3,12,12-4-0,10.4-5.6,16,11,7,-1.03,Andy Reid,+1000,10.5,PHI,NFC,NFC East
337,2002,Tennessee Titans,3,11,11-5-0,9.2-6.8,16,13,11,-0.92,Jeff Fisher,+2500,8.0,2003,2,12,12-4-0,10.7-5.3,16,5,13,-0.47,Jeff Fisher,+2000,9.5,OTI,AFC,AFC South
338,2002,San Francisco 49ers,2,10,10-6-0,8.4-7.6,16,13,18,-0.37,Steve Mariucci,+2000,10.0,2003,-1,7,7-9-0,9.2-6.8,16,9,21,0.15,Dennis Erickson,+2000,9.5,SFO,NFC,NFC West
339,2002,New York Jets,2,9,9-7-0,8.6-7.4,16,15,14,1.73,Herm Edwards,+3000,8.0,2003,-1,6,6-10-0,7.5-8.5,16,23,8,0.43,Herm Edwards,+1500,9.0,NYJ,AFC,AFC East
340,2002,Atlanta Falcons,2,9,9-6-1,10.3-5.7,16,5,8,-0.44,Dan Reeves,+5000,7.0,2003,-1,5,5-11-0,4.9-11.1,16,20,30,0.27,Wade Phillips,+1200,9.5,ATL,NFC,NFC South
341,2002,Pittsburgh Steelers,2,10,10-5-1,9.2-6.8,16,8,16,-0.11,Bill Cowher,+800,10.5,2003,-1,6,6-10-0,7.2-8.8,16,19,15,0.61,Bill Cowher,+1500,9.5,PIT,AFC,AFC North
342,2002,New York Giants,1,10,10-6-0,9.3-6.7,16,22,3,-1.74,Jim Fassel,+4000,7.0,2003,-1,4,4-12-0,4.0-12.0,16,30,29,0.44,Jim Fassel,+2000,8.5,NYG,NFC,NFC East
343,2002,Cleveland Browns,1,9,9-7-0,8.7-7.3,16,19,10,-0.27,Butch Davis,+2500,8.0,2003,-1,5,5-11-0,5.8-10.2,16,29,12,1.34,Butch Davis,+3000,8.5,CLE,AFC,AFC North
344,2002,Indianapolis Colts,1,10,10-6-0,9.0-7.0,16,17,7,-1.08,Tony Dungy,+1500,9.5,2003,3,12,12-4-0,10.6-5.4,16,2,20,0.03,Tony Dungy,+3500,8.5,CLT,AFC,AFC South
345,2002,Green Bay Packers,1,12,12-4-0,9.8-6.2,16,6,12,-0.8,Mike Sherman,+1000,10.0,2003,2,10,10-6-0,11.3-4.7,16,4,11,-0.31,Mike Sherman,+1300,10.0,GNB,NFC,NFC North
346,2003,New England Patriots,5,14,14-2-0,11.4-4.6,16,12,1,0.06,Bill Belichick,+1500,8.5,2004,5,14,14-2-0,12.4-3.6,16,4,2,1.78,Bill Belichick,+600,10.5,NWE,AFC,AFC East
347,2003,Carolina Panthers,4,11,11-5-0,8.6-7.4,16,15,10,-2.24,John Fox,+6000,7.5,2004,-1,7,7-9-0,8.4-7.6,16,13,15,-1.65,John Fox,+1800,8.5,CAR,NFC,NFC South
348,2003,Philadelphia Eagles,3,12,12-4-0,10.4-5.6,16,11,7,-1.03,Andy Reid,+1000,10.5,2004,4,13,13-3-0,11.5-4.5,16,8,2,-2.32,Andy Reid,+500,10.5,PHI,NFC,NFC East
349,2003,Indianapolis Colts,3,12,12-4-0,10.6-5.4,16,2,20,0.03,Tony Dungy,+3500,8.5,2004,2,12,12-4-0,11.5-4.5,16,1,19,0.73,Tony Dungy,+650,10.5,CLT,AFC,AFC South
350,2003,Kansas City Chiefs,2,13,13-3-0,11.4-4.6,16,1,19,-1.19,Dick Vermeil,+2500,9.0,2004,-1,7,7-9-0,9.0-7.0,16,2,29,2.28,Dick Vermeil,+1200,10.0,KAN,AFC,AFC West
351,2003,Green Bay Packers,2,10,10-6-0,11.3-4.7,16,4,11,-0.31,Mike Sherman,+1300,10.0,2004,1,10,10-6-0,9.0-7.0,16,5,23,-2.45,Mike Sherman,+1400,9.5,GNB,NFC,NFC North
352,2003,St. Louis Rams,2,12,12-4-0,10.8-5.2,16,2,17,-1.58,Mike Martz,+1200,9.5,2004,2,8,8-8-0,6.1-9.9,16,19,25,-1.42,Mike Martz,+1200,9.5,RAM,NFC,NFC West
353,2003,Tennessee Titans,2,12,12-4-0,10.7-5.3,16,5,13,-0.47,Jeff Fisher,+2000,9.5,2004,-1,5,5-11-0,5.8-10.2,16,15,30,1.54,Jeff Fisher,+1300,9.5,OTI,AFC,AFC South
354,2003,Seattle Seahawks,1,10,10-6-0,10.0-6.0,16,7,15,-0.73,Mike Holmgren,+4000,7.5,2004,1,9,9-7-0,7.9-8.1,16,12,22,-2.77,Mike Holmgren,+1800,9.0,SEA,NFC,NFC West
355,2003,Denver Broncos,1,10,10-6-0,10.2-5.8,16,10,9,0.47,Mike Shanahan,+1500,9.5,2004,1,10,10-6-0,10.1-5.9,16,9,9,1.05,Mike Shanahan,+1800,9.0,DEN,AFC,AFC West
356,2003,Baltimore Ravens,1,10,10-6-0,11.0-5.0,16,8,6,-0.61,Brian Billick,+3500,7.5,2004,-1,9,9-7-0,9.6-6.4,16,20,6,3.06,Brian Billick,+1400,9.0,RAV,AFC,AFC North
357,2003,Dallas Cowboys,1,10,10-6-0,9.0-7.0,16,21,2,-2.27,Bill Parcells,+4000,7.5,2004,-1,6,6-10-0,5.1-10.9,16,25,27,-0.77,Bill Parcells,+2400,9.0,DAL,NFC,NFC East
358,2004,New England Patriots,5,14,14-2-0,12.4-3.6,16,4,2,1.78,Bill Belichick,+600,10.5,2005,2,10,10-6-0,9.1-6.9,16,10,17,0.58,Bill Belichick,+500,11.0,NWE,AFC,AFC East
359,2004,Philadelphia Eagles,4,13,13-3-0,11.5-4.5,16,8,2,-2.32,Andy Reid,+500,10.5,2005,-1,6,6-10-0,5.9-10.1,16,18,27,2.57,Andy Reid,+500,11.5,PHI,NFC,NFC East
360,2004,Atlanta Falcons,3,11,11-5-0,8.1-7.9,16,16,14,-2.39,Jim Mora,+2000,9.0,2005,-1,8,8-8-0,8.3-7.7,16,14,18,-1.85,Jim Mora,+2000,9.5,ATL,NFC,NFC South
361,2004,Pittsburgh Steelers,3,15,15-1-0,11.5-4.5,16,11,1,1.44,Bill Cowher,+3000,7.5,2005,5,11,11-5-0,11.6-4.4,16,9,3,-0.37,Bill Cowher,+1200,9.5,PIT,AFC,AFC North
362,2004,Minnesota Vikings,2,8,8-8-0,8.2-7.8,16,6,26,-2.31,Mike Tice,+2000,8.5,2005,-1,9,9-7-0,6.9-9.1,16,19,19,-1.15,Mike Tice,+1800,9.0,MIN,NFC,NFC North
363,2004,Indianapolis Colts,2,12,12-4-0,11.5-4.5,16,1,19,0.73,Tony Dungy,+650,10.5,2005,2,14,14-2-0,12.7-3.3,16,2,2,-1.2,Tony Dungy,+500,11.5,CLT,AFC,AFC South
364,2004,New York Jets,2,10,10-6-0,10.2-5.8,16,17,4,2.05,Herm Edwards,+2800,9.0,2005,-1,4,4-12-0,4.5-11.5,16,29,23,0.79,Herm Edwards,+2000,9.0,NYJ,AFC,AFC East
365,2004,St. Louis Rams,2,8,8-8-0,6.1-9.9,16,19,25,-1.42,Mike Martz,+1200,9.5,2005,-1,6,6-10-0,6.4-9.6,16,11,31,-1.02,Mike Martz,+4000,8.0,RAM,NFC,NFC West
366,2004,Green Bay Packers,1,10,10-6-0,9.0-7.0,16,5,23,-2.45,Mike Sherman,+1400,9.5,2005,-1,4,4-12-0,6.7-9.3,16,22,19,-0.85,Mike Sherman,+3500,8.0,GNB,NFC,NFC North
367,2004,Denver Broncos,1,10,10-6-0,10.1-5.9,16,9,9,1.05,Mike Shanahan,+1800,9.0,2005,3,13,13-3-0,11.7-4.3,16,7,3,2.23,Mike Shanahan,+3000,8.5,DEN,AFC,AFC West
368,2004,Seattle Seahawks,1,9,9-7-0,7.9-8.1,16,12,22,-2.77,Mike Holmgren,+1800,9.0,2005,4,13,13-3-0,12.3-3.7,16,1,7,-2.2,Mike Holmgren,+4000,9.0,SEA,NFC,NFC West
369,2004,San Diego Chargers,1,12,12-4-0,11.2-4.8,16,3,11,0.81,Marty Schottenheimer,+8000,4.5,2005,-1,9,9-7-0,10.7-5.3,16,5,13,3.32,Marty Schottenheimer,+3000,8.0,SDG,AFC,AFC West
370,2005,Pittsburgh Steelers,5,11,11-5-0,11.6-4.4,16,9,3,-0.37,Bill Cowher,+1200,9.5,2006,-1,8,8-8-0,9.1-6.9,16,12,11,1.04,Bill Cowher,+1200,10.5,PIT,AFC,AFC North
371,2005,Seattle Seahawks,4,13,13-3-0,12.3-3.7,16,1,7,-2.2,Mike Holmgren,+4000,9.0,2006,2,9,9-7-0,7.8-8.2,16,14,19,-3.19,Mike Holmgren,+1000,10.5,SEA,NFC,NFC West
372,2005,Denver Broncos,3,13,13-3-0,11.7-4.3,16,7,3,2.23,Mike Shanahan,+3000,8.5,2006,-1,9,9-7-0,8.4-7.6,16,17,8,0.45,Mike Shanahan,+1200,10.0,DEN,AFC,AFC West
373,2005,Carolina Panthers,3,11,11-5-0,11.6-4.4,16,8,5,-3.18,John Fox,+2000,9.0,2006,-1,8,8-8-0,6.9-9.1,16,27,8,-0.49,John Fox,+1300,10.0,CAR,NFC,NFC South
374,2005,Indianapolis Colts,2,14,14-2-0,12.7-3.3,16,2,2,-1.2,Tony Dungy,+500,11.5,2006,5,12,12-4-0,9.6-6.4,16,2,23,1.69,Tony Dungy,+600,11.5,CLT,AFC,AFC South
375,2005,Chicago Bears,2,11,11-5-0,10.3-5.7,16,26,1,-2.23,Lovie Smith,+6000,7.0,2006,4,13,13-3-0,12.4-3.6,16,2,3,-2.85,Lovie Smith,+1600,9.0,CHI,NFC,NFC North
376,2005,Washington Redskins,2,10,10-6-0,9.9-6.1,16,13,9,1.87,Joe Gibbs,+4000,7.5,2006,-1,5,5-11-0,6.1-9.9,16,20,27,0.26,Joe Gibbs,+1600,9.0,WAS,NFC,NFC East
377,2005,New England Patriots,2,10,10-6-0,9.1-6.9,16,10,17,0.58,Bill Belichick,+500,11.0,2006,3,12,12-4-0,12.2-3.8,16,7,2,0.99,Bill Belichick,+800,10.5,NWE,AFC,AFC East
378,2005,Cincinnati Bengals,1,11,11-5-0,9.7-6.3,16,4,22,-0.62,Marvin Lewis,+4000,8.0,2006,-1,8,8-8-0,9.1-6.9,16,8,17,1.46,Marvin Lewis,+1500,9.0,CIN,AFC,AFC North
379,2005,New York Giants,1,11,11-5-0,10.7-5.3,16,3,14,0.74,Tom Coughlin,+7000,6.5,2006,1,8,8-8-0,7.8-8.2,16,11,24,0.52,Tom Coughlin,+1600,9.0,NYG,NFC,NFC East
380,2005,Tampa Bay Buccaneers,1,11,11-5-0,8.9-7.1,16,20,8,-2.63,Jon Gruden,+7000,7.0,2006,-1,4,4-12-0,3.6-12.4,16,31,21,0.95,Jon Gruden,+3000,8.0,TAM,NFC,NFC South
381,2005,Jacksonville Jaguars,1,12,12-4-0,10.7-5.3,16,12,6,-0.99,Jack Del Rio,+4000,8.5,2006,-1,8,8-8-0,10.8-5.2,16,9,4,1.43,Jack Del Rio,+3000,9.0,JAX,AFC,AFC South
382,2006,Indianapolis Colts,5,12,12-4-0,9.6-6.4,16,2,23,1.69,Tony Dungy,+600,11.5,2007,2,13,13-3-0,12.5-3.5,16,3,1,0.26,Tony Dungy,+800,10.5,CLT,AFC,AFC South
383,2006,Chicago Bears,4,13,13-3-0,12.4-3.6,16,2,3,-2.85,Lovie Smith,+1600,9.0,2007,-1,7,7-9-0,7.6-8.4,16,18,16,2.1,Lovie Smith,+1400,10.0,CHI,NFC,NFC North
384,2006,New England Patriots,3,12,12-4-0,12.2-3.8,16,7,2,0.99,Bill Belichick,+800,10.5,2007,4,16,16-0-0,13.8-2.2,16,1,4,0.37,Bill Belichick,+250,11.5,NWE,AFC,AFC East
385,2006,New Orleans Saints,3,10,10-6-0,10.3-5.7,16,5,13,-1.64,Sean Payton,+5000,7.0,2007,-1,7,7-9-0,7.8-8.2,16,12,25,-1.96,Sean Payton,+2000,9.0,NOR,NFC,NFC South
386,2006,San Diego Chargers,2,14,14-2-0,12.1-3.9,16,1,7,-1.62,Marty Schottenheimer,+1600,9.0,2007,3,11,11-5-0,11.3-4.7,16,5,5,0.79,Norv Turner,+600,10.5,SDG,AFC,AFC West
387,2006,Seattle Seahawks,2,9,9-7-0,7.8-8.2,16,14,19,-3.19,Mike Holmgren,+1000,10.5,2007,2,10,10-6-0,10.7-5.3,16,9,6,-4.62,Mike Holmgren,+2000,9.0,SEA,NFC,NFC West
388,2006,Baltimore Ravens,2,13,13-3-0,12.7-3.3,16,12,1,-0.15,Brian Billick,+2500,8.0,2007,-1,5,5-11-0,5.0-11.0,16,24,22,0.07,Brian Billick,+2000,9.0,RAV,AFC,AFC North
389,2006,Philadelphia Eagles,2,10,10-6-0,9.8-6.2,16,6,15,-0.98,Andy Reid,+2000,8.5,2007,-1,8,8-8-0,9.1-6.9,16,17,9,3.0,Andy Reid,+2000,9.0,PHI,NFC,NFC East
390,2006,New York Giants,1,8,8-8-0,7.8-8.2,16,11,24,0.52,Tom Coughlin,+1600,9.0,2007,5,10,10-6-0,8.6-7.4,16,14,17,1.89,Tom Coughlin,+3000,8.0,NYG,NFC,NFC East
391,2006,New York Jets,1,10,10-6-0,8.7-7.3,16,18,6,0.71,Eric Mangini,+10000,6.5,2007,-1,4,4-12-0,5.4-10.6,16,25,19,1.74,Eric Mangini,+4000,8.0,NYJ,AFC,AFC East
392,2006,Dallas Cowboys,1,9,9-7-0,9.8-6.2,16,4,20,-1.03,Bill Parcells,+1400,9.5,2007,2,13,13-3-0,11.0-5.0,16,2,13,1.35,Wade Phillips,+2000,9.0,DAL,NFC,NFC East
393,2006,Kansas City Chiefs,1,9,9-7-0,8.5-7.5,16,15,11,-0.01,Herm Edwards,+2000,9.5,2007,-1,4,4-12-0,4.5-11.5,16,31,14,1.36,Herm Edwards,+6000,7.5,KAN,AFC,AFC West
394,2007,New York Giants,5,10,10-6-0,8.6-7.4,16,14,17,1.89,Tom Coughlin,+3000,8.0,2008,2,12,12-4-0,11.3-4.7,16,3,5,0.06,Tom Coughlin,+2000,8.5,NYG,NFC,NFC East
395,2007,New England Patriots,4,16,16-0-0,13.8-2.2,16,1,4,0.37,Bill Belichick,+250,11.5,2008,-1,11,11-5-0,10.6-5.4,16,8,8,-2.4,Bill Belichick,+350,12.0,NWE,AFC,AFC East
396,2007,Green Bay Packers,3,13,13-3-0,11.5-4.5,16,4,6,0.0,Mike McCarthy,+5000,7.5,2008,-1,6,6-10-0,8.9-7.1,16,5,22,0.46,Mike McCarthy,+3500,8.5,GNB,NFC,NFC North
397,2007,San Diego Chargers,3,11,11-5-0,11.3-4.7,16,5,5,0.79,Norv Turner,+600,10.5,2008,2,8,8-8-0,10.2-5.8,16,2,15,-0.79,Norv Turner,+700,10.5,SDG,AFC,AFC West
398,2007,Indianapolis Colts,2,13,13-3-0,12.5-3.5,16,3,1,0.26,Tony Dungy,+800,10.5,2008,1,12,12-4-0,10.2-5.8,16,13,7,1.55,Tony Dungy,+750,11.0,CLT,AFC,AFC South
399,2007,Dallas Cowboys,2,13,13-3-0,11.0-5.0,16,2,13,1.35,Wade Phillips,+2000,9.0,2008,-1,9,9-7-0,7.9-8.1,16,18,20,0.75,Wade Phillips,+600,10.5,DAL,NFC,NFC East
400,2007,Jacksonville Jaguars,2,11,11-5-0,10.7-5.3,16,6,10,0.14,Jack Del Rio,+3000,9.0,2008,-1,5,5-11-0,6.2-9.8,16,24,21,1.56,Jack Del Rio,+1300,10.0,JAX,AFC,AFC South
401,2007,Seattle Seahawks,2,10,10-6-0,10.7-5.3,16,9,6,-4.62,Mike Holmgren,+2000,9.0,2008,-1,4,4-12-0,5.4-10.6,16,25,25,-1.51,Mike Holmgren,+2500,8.5,SEA,NFC,NFC West
402,2007,Tennessee Titans,1,10,10-6-0,8.1-7.9,16,22,8,0.46,Jeff Fisher,+6000,7.0,2008,2,13,13-3-0,12.1-3.9,16,14,2,0.13,Jeff Fisher,+4000,8.0,OTI,AFC,AFC South
403,2007,Tampa Bay Buccaneers,1,9,9-7-0,10.0-6.0,16,18,3,-2.78,Jon Gruden,+5000,7.0,2008,-1,9,9-7-0,9.0-7.0,16,19,10,-0.11,Jon Gruden,+3500,8.0,TAM,NFC,NFC South
404,2007,Washington Redskins,1,9,9-7-0,8.7-7.3,16,18,11,2.98,Joe Gibbs,+5000,7.5,2008,-1,8,8-8-0,7.0-9.0,16,28,6,0.16,Jim Zorn,+4000,7.5,WAS,NFC,NFC East
405,2007,Pittsburgh Steelers,1,10,10-6-0,11.4-4.6,16,9,2,-2.54,Mike Tomlin,+2500,9.0,2008,5,12,12-4-0,11.8-4.2,16,20,1,2.05,Mike Tomlin,+1800,9.0,PIT,AFC,AFC North
406,2008,Pittsburgh Steelers,5,12,12-4-0,11.8-4.2,16,20,1,2.05,Mike Tomlin,+1800,9.0,2009,-1,9,9-7-0,9.2-6.8,16,12,12,-1.07,Mike Tomlin,+1000,10.5,PIT,AFC,AFC North
407,2008,Arizona Cardinals,4,9,9-7-0,8.0-8.0,16,3,28,-1.95,Ken Whisenhunt,+5000,7.5,2009,2,10,10-6-0,9.3-6.7,16,11,14,-3.41,Ken Whisenhunt,+2800,8.5,CRD,NFC,NFC West
408,2008,Philadelphia Eagles,3,9,9-6-1,11.3-4.7,16,6,4,-0.11,Andy Reid,+2500,8.5,2009,1,11,11-5-0,10.2-5.8,16,5,19,0.24,Andy Reid,+1400,9.5,PHI,NFC,NFC East
409,2008,Baltimore Ravens,3,11,11-5-0,11.9-4.1,16,11,3,0.99,John Harbaugh,+8000,6.0,2009,2,9,9-7-0,11.6-4.4,16,9,3,-0.65,John Harbaugh,+2500,8.5,RAV,AFC,AFC North
410,2008,New York Giants,2,12,12-4-0,11.3-4.7,16,3,5,0.06,Tom Coughlin,+2000,8.5,2009,-1,8,8-8-0,7.4-8.6,16,8,30,1.65,Tom Coughlin,+1200,10.0,NYG,NFC,NFC East
411,2008,San Diego Chargers,2,8,8-8-0,10.2-5.8,16,2,15,-0.79,Norv Turner,+700,10.5,2009,2,13,13-3-0,11.1-4.9,16,4,11,-1.73,Norv Turner,+1000,10.0,SDG,AFC,AFC West
412,2008,Tennessee Titans,2,13,13-3-0,12.1-3.9,16,14,2,0.13,Jeff Fisher,+4000,8.0,2009,-1,8,8-8-0,6.8-9.2,16,16,28,0.24,Jeff Fisher,+2000,9.0,OTI,AFC,AFC South
413,2008,Carolina Panthers,2,12,12-4-0,10.1-5.9,16,7,12,0.32,John Fox,+4000,7.5,2009,-1,8,8-8-0,8.2-7.8,16,21,9,3.47,John Fox,+2800,8.5,CAR,NFC,NFC South
414,2008,Miami Dolphins,1,11,11-5-0,8.8-7.2,16,21,9,-2.28,Tony Sparano,+12500,5.5,2009,-1,7,7-9-0,7.2-8.8,16,15,25,3.56,Tony Sparano,+5000,7.0,MIA,AFC,AFC East
415,2008,Minnesota Vikings,1,10,10-6-0,9.2-6.8,16,12,13,1.16,Brad Childress,+1700,8.5,2009,3,12,12-4-0,11.6-4.4,16,2,10,-2.71,Brad Childress,+1600,9.5,MIN,NFC,NFC North
416,2008,Indianapolis Colts,1,12,12-4-0,10.2-5.8,16,13,7,1.55,Tony Dungy,+750,11.0,2009,4,14,14-2-0,10.8-5.2,16,7,8,-0.88,Jim Caldwell,+1400,10.0,CLT,AFC,AFC South
417,2008,Atlanta Falcons,1,11,11-5-0,9.7-6.3,16,10,11,-0.31,Mike Smith,+20000,4.5,2009,-1,9,9-7-0,9.0-7.0,16,13,14,2.66,Mike Smith,+2500,8.5,ATL,NFC,NFC South
418,2009,New Orleans Saints,5,13,13-3-0,11.6-4.4,16,1,20,0.19,Sean Payton,+2000,9.0,2010,1,11,11-5-0,10.1-5.9,16,11,7,-2.5,Sean Payton,+1000,10.5,NOR,NFC,NFC South
419,2009,Indianapolis Colts,4,14,14-2-0,10.8-5.2,16,7,8,-0.88,Jim Caldwell,+1400,10.0,2010,1,10,10-6-0,9.1-6.9,16,4,23,-0.06,Jim Caldwell,+800,10.5,CLT,AFC,AFC South
420,2009,Minnesota Vikings,3,12,12-4-0,11.6-4.4,16,2,10,-2.71,Brad Childress,+1600,9.5,2010,-1,6,6-10-0,6.0-10.0,16,29,18,2.59,Brad Childress,+1400,9.5,MIN,NFC,NFC North
421,2009,New York Jets,3,9,9-7-0,11.4-4.6,16,17,1,1.58,Rex Ryan,+4000,7.0,2010,3,11,11-5-0,9.8-6.2,16,13,6,2.53,Rex Ryan,+1200,9.5,NYJ,AFC,AFC East
422,2009,San Diego Chargers,2,13,13-3-0,11.1-4.9,16,4,11,-1.73,Norv Turner,+1000,10.0,2010,-1,9,9-7-0,10.9-5.1,16,2,10,-2.62,Norv Turner,+1000,10.5,SDG,AFC,AFC West
423,2009,Dallas Cowboys,2,11,11-5-0,11.3-4.7,16,14,2,0.21,Wade Phillips,+1600,9.0,2010,-1,6,6-10-0,7.0-9.0,16,7,31,0.47,Wade Phillips,+1000,10.0,DAL,NFC,NFC East
424,2009,Arizona Cardinals,2,10,10-6-0,9.3-6.7,16,11,14,-3.41,Ken Whisenhunt,+2800,8.5,2010,-1,5,5-11-0,4.4-11.6,16,26,30,-3.6,Ken Whisenhunt,+5000,7.5,CRD,NFC,NFC West
425,2009,Baltimore Ravens,2,9,9-7-0,11.6-4.4,16,9,3,-0.65,John Harbaugh,+2500,8.5,2010,2,12,12-4-0,10.6-5.4,16,16,3,1.01,John Harbaugh,+1200,10.0,RAV,AFC,AFC North
426,2009,New England Patriots,1,10,10-6-0,11.6-4.4,16,6,5,2.34,Bill Belichick,+450,11.5,2010,2,14,14-2-0,12.3-3.7,16,1,8,2.57,Bill Belichick,+1200,9.5,NWE,AFC,AFC East
427,2009,Green Bay Packers,1,11,11-5-0,11.8-4.2,16,3,7,-2.89,Mike McCarthy,+2500,9.0,2010,5,10,10-6-0,12.1-3.9,16,10,2,1.69,Mike McCarthy,+1100,9.5,GNB,NFC,NFC North
428,2009,Cincinnati Bengals,1,10,10-6-0,8.4-7.6,16,22,6,-0.21,Marvin Lewis,+6600,7.0,2010,-1,4,4-12-0,6.1-9.9,16,22,24,3.14,Marvin Lewis,+3300,8.0,CIN,AFC,AFC North
429,2009,Philadelphia Eagles,1,11,11-5-0,10.2-5.8,16,5,19,0.24,Andy Reid,+1400,9.5,2010,1,10,10-6-0,9.4-6.6,16,3,21,0.34,Andy Reid,+2500,8.5,PHI,NFC,NFC East
430,2010,Green Bay Packers,5,10,10-6-0,12.1-3.9,16,10,2,1.69,Mike McCarthy,+1100,9.5,2011,2,15,15-1-0,11.9-4.1,16,1,19,-1.21,Mike McCarthy,+650,11.5,GNB,NFC,NFC North
431,2010,Pittsburgh Steelers,4,12,12-4-0,12.1-3.9,16,12,1,1.28,Mike Tomlin,+2500,8.5,2011,1,12,12-4-0,11.2-4.8,16,21,1,-0.84,Mike Tomlin,+1400,10.5,PIT,AFC,AFC North
432,2010,Chicago Bears,3,11,11-5-0,9.5-6.5,16,21,4,1.11,Lovie Smith,+4000,8.0,2011,-1,8,8-8-0,8.3-7.7,16,17,14,0.91,Lovie Smith,+2800,8.5,CHI,NFC,NFC North
433,2010,New York Jets,3,11,11-5-0,9.8-6.2,16,13,6,2.53,Rex Ryan,+1200,9.5,2011,-1,8,8-8-0,8.4-7.6,16,13,20,0.03,Rex Ryan,+1200,10.0,NYJ,AFC,AFC East
434,2010,New England Patriots,2,14,14-2-0,12.3-3.7,16,1,8,2.57,Bill Belichick,+1200,9.5,2011,4,13,13-3-0,11.6-4.4,16,3,15,-1.42,Bill Belichick,+500,11.5,NWE,AFC,AFC East
435,2010,Seattle Seahawks,2,7,7-9-0,5.5-10.5,16,23,25,-3.38,Pete Carroll,+8000,7.0,2011,-1,7,7-9-0,8.2-7.8,16,23,7,0.42,Pete Carroll,+10000,6.0,SEA,NFC,NFC West
436,2010,Atlanta Falcons,2,13,13-3-0,11.2-4.8,16,5,5,-1.79,Mike Smith,+2800,9.5,2011,1,10,10-6-0,9.3-6.7,16,7,18,0.28,Mike Smith,+1600,10.0,ATL,NFC,NFC South
437,2010,Baltimore Ravens,2,12,12-4-0,10.6-5.4,16,16,3,1.01,John Harbaugh,+1200,10.0,2011,3,12,12-4-0,11.2-4.8,16,12,3,-0.9,John Harbaugh,+1600,10.5,RAV,AFC,AFC North
438,2010,Kansas City Chiefs,1,10,10-6-0,9.1-6.9,16,14,11,-3.19,Todd Haley,+12500,6.5,2011,-1,7,7-9-0,4.0-12.0,16,31,12,-0.23,Romeo Crennel,+5000,7.5,KAN,AFC,AFC West
439,2010,Philadelphia Eagles,1,10,10-6-0,9.4-6.6,16,3,21,0.34,Andy Reid,+2500,8.5,2011,-1,8,8-8-0,9.8-6.2,16,8,10,0.47,Andy Reid,+800,10.5,PHI,NFC,NFC East
440,2010,New Orleans Saints,1,11,11-5-0,10.1-5.9,16,11,7,-2.5,Sean Payton,+1000,10.5,2011,2,13,13-3-0,12.1-3.9,16,2,13,-1.6,Sean Payton,+1400,10.0,NOR,NFC,NFC South
441,2010,Indianapolis Colts,1,10,10-6-0,9.1-6.9,16,4,23,-0.06,Jim Caldwell,+800,10.5,2011,-1,2,2-14-0,3.3-12.7,16,28,28,0.4,Jim Caldwell,+160,undefined,CLT,AFC,AFC South
442,2011,New York Giants,5,9,9-7-0,7.9-8.1,16,9,25,1.96,Tom Coughlin,+2200,9.5,2012,-1,9,9-7-0,10.0-6.0,16,6,12,0.93,Tom Coughlin,+1800,9.0,NYG,NFC,NFC East
443,2011,New England Patriots,4,13,13-3-0,11.6-4.4,16,3,15,-1.42,Bill Belichick,+500,11.5,2012,3,12,12-4-0,12.4-3.6,16,1,9,-1.37,Bill Belichick,+700,12.0,NWE,AFC,AFC East
444,2011,San Francisco 49ers,3,13,13-3-0,12.3-3.7,16,11,2,-1.13,Jim Harbaugh,+5000,7.5,2012,4,11,11-4-1,11.3-4.7,16,11,2,2.46,Jim Harbaugh,+1400,10.0,SFO,NFC,NFC West
445,2011,Baltimore Ravens,3,12,12-4-0,11.2-4.8,16,12,3,-0.9,John Harbaugh,+1600,10.5,2012,5,10,10-6-0,9.4-6.6,16,10,12,-0.47,John Harbaugh,+1600,10.0,RAV,AFC,AFC North
446,2011,Green Bay Packers,2,15,15-1-0,11.9-4.1,16,1,19,-1.21,Mike McCarthy,+650,11.5,2012,2,11,11-5-0,10.3-5.7,16,5,11,1.19,Mike McCarthy,+600,12.0,GNB,NFC,NFC North
447,2011,Houston Texans,2,10,10-6-0,10.9-5.1,16,10,4,-1.9,Gary Kubiak,+2800,9.0,2012,2,12,12-4-0,10.1-5.9,16,8,9,-1.84,Gary Kubiak,+1000,10.0,HTX,AFC,AFC South
448,2011,New Orleans Saints,2,13,13-3-0,12.1-3.9,16,2,13,-1.6,Sean Payton,+1400,10.0,2012,-1,7,7-9-0,8.1-7.9,16,3,31,1.0,Aaron Kromer,+1600,9.5,NOR,NFC,NFC South
449,2011,Denver Broncos,2,8,8-8-0,5.8-10.2,16,25,24,-0.23,John Fox,+10000,6.0,2012,2,13,13-3-0,12.3-3.7,16,2,4,-1.9,John Fox,+1600,8.5,DEN,AFC,AFC West
450,2011,Atlanta Falcons,1,10,10-6-0,9.3-6.7,16,7,18,0.28,Mike Smith,+1600,10.0,2012,3,13,13-3-0,11.0-5.0,16,7,5,-1.06,Mike Smith,+2200,9.0,ATL,NFC,NFC South
451,2011,Pittsburgh Steelers,1,12,12-4-0,11.2-4.8,16,21,1,-0.84,Mike Tomlin,+1400,10.5,2012,-1,8,8-8-0,8.6-7.4,16,22,6,-2.03,Mike Tomlin,+1600,10.0,PIT,AFC,AFC North
452,2011,Detroit Lions,1,10,10-6-0,9.9-6.1,16,4,23,0.63,Jim Schwartz,+4000,8.0,2012,-1,4,4-12-0,6.5-9.5,16,17,27,1.76,Jim Schwartz,+2200,9.0,DET,NFC,NFC North
453,2011,Cincinnati Bengals,1,9,9-7-0,8.6-7.4,16,18,9,-0.85,Marvin Lewis,+12500,5.5,2012,1,10,10-6-0,9.9-6.1,16,12,8,-2.35,Marvin Lewis,+4000,8.0,CIN,AFC,AFC North
454,2012,Baltimore Ravens,5,10,10-6-0,9.4-6.6,16,10,12,-0.47,John Harbaugh,+1600,10.0,2013,-1,8,8-8-0,7.1-8.9,16,25,12,-1.53,John Harbaugh,+2500,8.5,RAV,AFC,AFC North
455,2012,San Francisco 49ers,4,11,11-4-1,11.3-4.7,16,11,2,2.46,Jim Harbaugh,+1400,10.0,2013,3,12,12-4-0,11.5-4.5,16,11,3,1.76,Jim Harbaugh,+700,11.5,SFO,NFC,NFC West
456,2012,New England Patriots,3,12,12-4-0,12.4-3.6,16,1,9,-1.37,Bill Belichick,+700,12.0,2013,3,12,12-4-0,10.5-5.5,16,3,10,-0.74,Bill Belichick,+850,11.0,NWE,AFC,AFC East
457,2012,Atlanta Falcons,3,13,13-3-0,11.0-5.0,16,7,5,-1.06,Mike Smith,+2200,9.0,2013,-1,4,4-12-0,5.9-10.1,16,20,27,2.86,Mike Smith,+1600,10.0,ATL,NFC,NFC South
458,2012,Houston Texans,2,12,12-4-0,10.1-5.9,16,8,9,-1.84,Gary Kubiak,+1000,10.0,2013,-1,2,2-14-0,4.2-11.8,16,31,24,1.92,Wade Phillips,+1400,10.0,HTX,AFC,AFC South
459,2012,Seattle Seahawks,2,11,11-5-0,12.4-3.6,16,9,1,1.79,Pete Carroll,+5000,7.5,2013,5,13,13-3-0,12.8-3.2,16,8,1,1.42,Pete Carroll,+800,10.5,SEA,NFC,NFC West
460,2012,Denver Broncos,2,13,13-3-0,12.3-3.7,16,2,4,-1.9,John Fox,+1600,8.5,2013,4,13,13-3-0,11.7-4.3,16,1,22,-1.57,John Fox,+600,11.5,DEN,AFC,AFC West
461,2012,Green Bay Packers,2,11,11-5-0,10.3-5.7,16,5,11,1.19,Mike McCarthy,+600,12.0,2013,1,8,8-7-1,7.8-8.2,16,8,24,-2.42,Mike McCarthy,+1000,10.5,GNB,NFC,NFC North
462,2012,Washington Redskins,1,10,10-6-0,9.1-6.9,16,4,22,0.42,Mike Shanahan,+6600,6.5,2013,-1,3,3-13-0,4.8-11.2,16,23,30,-0.28,Mike Shanahan,+3300,8.0,WAS,NFC,NFC East
463,2012,Indianapolis Colts,1,11,11-5-0,7.2-8.8,16,18,21,-2.84,Chuck Pagano,+12500,5.5,2013,2,11,11-5-0,9.4-6.6,16,14,9,0.6,Chuck Pagano,+3500,8.5,CLT,AFC,AFC South
464,2012,Cincinnati Bengals,1,10,10-6-0,9.9-6.1,16,12,8,-2.35,Marvin Lewis,+4000,8.0,2013,1,11,11-5-0,11.1-4.9,16,6,5,-2.46,Marvin Lewis,+2800,8.5,CIN,AFC,AFC North
465,2012,Minnesota Vikings,1,10,10-6-0,8.8-7.2,16,14,14,1.42,Leslie Frazier,+10000,6.0,2013,-1,5,5-10-1,6.1-9.9,16,14,32,-1.05,Leslie Frazier,+4000,7.5,MIN,NFC,NFC North
466,2013,Seattle Seahawks,5,13,13-3-0,12.8-3.2,16,8,1,1.42,Pete Carroll,+800,10.5,2014,4,12,12-4-0,11.8-4.2,16,10,1,0.79,Pete Carroll,+450,11.0,SEA,NFC,NFC West
467,2013,Denver Broncos,4,13,13-3-0,11.7-4.3,16,1,22,-1.57,John Fox,+600,11.5,2014,2,12,12-4-0,10.8-5.2,16,2,16,1.58,John Fox,+550,11.5,DEN,AFC,AFC West
468,2013,San Francisco 49ers,3,12,12-4-0,11.5-4.5,16,11,3,1.76,Jim Harbaugh,+700,11.5,2014,-1,8,8-8-0,7.0-9.0,16,25,10,1.17,Jim Harbaugh,+900,10.5,SFO,NFC,NFC West
469,2013,New England Patriots,3,12,12-4-0,10.5-5.5,16,3,10,-0.74,Bill Belichick,+850,11.0,2014,5,12,12-4-0,11.5-4.5,16,4,8,1.26,Bill Belichick,+650,10.5,NWE,AFC,AFC East
470,2013,Carolina Panthers,2,12,12-4-0,11.7-4.3,16,18,2,1.39,Ron Rivera,+5000,7.0,2014,2,7,7-8-1,7.1-8.9,16,19,21,-0.87,Ron Rivera,+6000,8.0,CAR,NFC,NFC South
471,2013,San Diego Chargers,2,9,9-7-0,9.2-6.8,16,12,11,-0.34,Mike McCoy,+5000,7.5,2014,-1,9,9-7-0,8.0-8.0,16,17,13,1.86,Mike McCoy,+3000,8.0,SDG,AFC,AFC West
472,2013,New Orleans Saints,2,11,11-5-0,10.8-5.2,16,10,4,1.9,Sean Payton,+1600,9.5,2014,-1,7,7-9-0,7.5-8.5,16,9,28,-1.46,Sean Payton,+700,10.0,NOR,NFC,NFC South
473,2013,Indianapolis Colts,2,11,11-5-0,9.4-6.6,16,14,9,0.6,Chuck Pagano,+3500,8.5,2014,3,11,11-5-0,10.0-6.0,16,6,19,-1.13,Chuck Pagano,+2200,9.5,CLT,AFC,AFC South
474,2013,Green Bay Packers,1,8,8-7-1,7.8-8.2,16,8,24,-2.42,Mike McCarthy,+1000,10.5,2014,3,12,12-4-0,11.0-5.0,16,1,13,-0.34,Mike McCarthy,+1000,10.5,GNB,NFC,NFC North
475,2013,Cincinnati Bengals,1,11,11-5-0,11.1-4.9,16,6,5,-2.46,Marvin Lewis,+2800,8.5,2014,1,10,10-5-1,8.6-7.4,16,15,12,-0.58,Marvin Lewis,+2200,9.0,CIN,AFC,AFC North
476,2013,Philadelphia Eagles,1,10,10-6-0,9.4-6.6,16,4,17,-1.9,Chip Kelly,+4000,7.5,2014,-1,10,10-6-0,9.6-6.4,16,3,22,-0.7,Chip Kelly,+2500,9.0,PHI,NFC,NFC East
477,2013,Kansas City Chiefs,1,11,11-5-0,11.1-4.9,16,6,5,-1.74,Andy Reid,+5000,7.5,2014,-1,9,9-7-0,10.1-5.9,16,16,2,1.15,Andy Reid,+5000,8.0,KAN,AFC,AFC West
478,2014,New England Patriots,5,12,12-4-0,11.5-4.5,16,4,8,1.26,Bill Belichick,+650,10.5,2015,3,12,12-4-0,11.5-4.5,16,3,10,-2.41,Bill Belichick,+800,10.5,NWE,AFC,AFC East
479,2014,Seattle Seahawks,4,12,12-4-0,11.8-4.2,16,10,1,0.79,Pete Carroll,+450,11.0,2015,2,10,10-6-0,11.7-4.3,16,4,1,2.21,Pete Carroll,+450,11.0,SEA,NFC,NFC West
480,2014,Green Bay Packers,3,12,12-4-0,11.0-5.0,16,1,13,-0.34,Mike McCarthy,+1000,10.5,2015,2,10,10-6-0,9.2-6.8,16,15,12,2.48,Mike McCarthy,+600,11.0,GNB,NFC,NFC North
481,2014,Indianapolis Colts,3,11,11-5-0,10.0-6.0,16,6,19,-1.13,Chuck Pagano,+2200,9.5,2015,-1,8,8-8-0,6.1-9.9,16,24,25,-1.96,Chuck Pagano,+800,10.5,CLT,AFC,AFC South
482,2014,Denver Broncos,2,12,12-4-0,10.8-5.2,16,2,16,1.58,John Fox,+550,11.5,2015,5,12,12-4-0,9.7-6.3,16,19,4,2.09,Gary Kubiak,+900,10.0,DEN,AFC,AFC West
483,2014,Dallas Cowboys,2,12,12-4-0,10.6-5.4,16,5,15,-1.81,Jason Garrett,+7500,8.0,2015,-1,4,4-12-0,5.2-10.8,16,31,16,-0.74,Jason Garrett,+1400,9.5,DAL,NFC,NFC East
484,2014,Carolina Panthers,2,7,7-8-1,7.1-8.9,16,19,21,-0.87,Ron Rivera,+6000,8.0,2015,4,15,15-1-0,12.1-3.9,16,1,6,-3.88,Ron Rivera,+6000,8.5,CAR,NFC,NFC South
485,2014,Baltimore Ravens,2,10,10-6-0,10.8-5.2,16,8,6,-2.08,John Harbaugh,+2500,8.5,2015,-1,5,5-11-0,6.1-9.9,16,25,24,2.62,John Harbaugh,+1600,9.0,RAV,AFC,AFC North
486,2014,Detroit Lions,1,11,11-5-0,9.2-6.8,16,22,3,-0.38,Jim Caldwell,+4000,8.5,2015,-1,7,7-9-0,7.0-9.0,16,18,23,2.4,Jim Caldwell,+3000,8.5,DET,NFC,NFC North
487,2014,Cincinnati Bengals,1,10,10-5-1,8.6-7.4,16,15,12,-0.58,Marvin Lewis,+2200,9.0,2015,1,12,12-4-0,11.6-4.4,16,7,2,1.9,Marvin Lewis,+4000,8.5,CIN,AFC,AFC North
488,2014,Pittsburgh Steelers,1,11,11-5-0,9.6-6.4,16,7,18,-2.02,Mike Tomlin,+2200,8.5,2015,2,10,10-6-0,10.6-5.4,16,4,11,2.21,Mike Tomlin,+2000,8.5,PIT,AFC,AFC North
489,2014,Arizona Cardinals,1,11,11-5-0,8.3-7.7,16,24,5,1.29,Bruce Arians,+5000,7.5,2015,3,13,13-3-0,11.9-4.1,16,2,7,1.31,Bruce Arians,+3000,8.5,CRD,NFC,NFC West
490,2015,Denver Broncos,5,12,12-4-0,9.7-6.3,16,19,4,2.09,Gary Kubiak,+900,10.0,2016,-1,9,9-7-0,9.1-6.9,16,22,4,1.8,Gary Kubiak,+2500,9.5,DEN,AFC,AFC West
491,2015,Carolina Panthers,4,15,15-1-0,12.1-3.9,16,1,6,-3.88,Ron Rivera,+6000,8.5,2016,-1,6,6-10-0,7.2-8.8,16,15,26,1.06,Ron Rivera,+1200,10.5,CAR,NFC,NFC South
492,2015,New England Patriots,3,12,12-4-0,11.5-4.5,16,3,10,-2.41,Bill Belichick,+800,10.5,2016,5,14,14-2-0,12.7-3.3,16,3,1,-2.65,Bill Belichick,+600,10.5,NWE,AFC,AFC East
493,2015,Arizona Cardinals,3,13,13-3-0,11.9-4.1,16,2,7,1.31,Bruce Arians,+3000,8.5,2016,-1,7,7-8-1,9.4-6.6,16,6,14,-1.91,Bruce Arians,+800,10.0,CRD,NFC,NFC West
494,2015,Pittsburgh Steelers,2,10,10-6-0,10.6-5.4,16,4,11,2.21,Mike Tomlin,+2000,8.5,2016,3,11,11-5-0,9.9-6.1,16,10,10,0.24,Mike Tomlin,+1000,10.5,PIT,AFC,AFC North
495,2015,Seattle Seahawks,2,10,10-6-0,11.7-4.3,16,4,1,2.21,Pete Carroll,+450,11.0,2016,2,10,10-5-1,9.8-6.2,16,18,3,-1.75,Pete Carroll,+800,10.5,SEA,NFC,NFC West
496,2015,Kansas City Chiefs,2,11,11-5-0,11.1-4.9,16,9,3,1.62,Andy Reid,+3000,8.5,2016,2,12,12-4-0,10.1-5.9,16,13,7,0.72,Andy Reid,+2000,9.5,KAN,AFC,AFC West
497,2015,Green Bay Packers,2,10,10-6-0,9.2-6.8,16,15,12,2.48,Mike McCarthy,+600,11.0,2016,3,10,10-6-0,9.0-7.0,16,4,21,0.08,Mike McCarthy,+800,10.5,GNB,NFC,NFC North
498,2015,Minnesota Vikings,1,11,11-5-0,9.8-6.2,16,16,5,1.88,Mike Zimmer,+4000,8.0,2016,-1,8,8-8-0,8.6-7.4,16,23,6,-0.31,Mike Zimmer,+2000,8.5,MIN,NFC,NFC North
499,2015,Washington Redskins,1,9,9-7-0,8.2-7.8,16,10,17,-2.49,Jay Gruden,+10000,6.0,2016,-1,8,8-7-1,8.3-7.7,16,12,19,1.16,Jay Gruden,+2500,7.5,WAS,NFC,NFC East
500,2015,Cincinnati Bengals,1,12,12-4-0,11.6-4.4,16,7,2,1.9,Marvin Lewis,+4000,8.5,2016,-1,6,6-9-1,8.3-7.7,16,24,8,0.42,Marvin Lewis,+2000,9.5,CIN,AFC,AFC North
501,2015,Houston Texans,1,9,9-7-0,8.8-7.2,16,21,7,-2.38,Bill O'Brien,+4000,8.5,2016,2,9,9-7-0,6.5-9.5,16,28,11,0.44,Bill O'Brien,+1600,8.5,HTX,AFC,AFC South
502,2016,New England Patriots,5,14,14-2-0,12.7-3.3,16,3,1,-2.65,Bill Belichick,+600,10.5,2017,4,13,13-3-0,11.8-4.2,16,2,5,-1.24,Bill Belichick,+275,12.5,NWE,AFC,AFC East
503,2016,Atlanta Falcons,4,11,11-5-0,10.6-5.4,16,1,27,0.11,Dan Quinn,+8000,7.0,2017,2,10,10-6-0,9.1-6.9,16,15,8,1.89,Dan Quinn,+1600,9.5,ATL,NFC,NFC South
504,2016,Pittsburgh Steelers,3,11,11-5-0,9.9-6.1,16,10,10,0.24,Mike Tomlin,+1000,10.5,2017,2,13,13-3-0,10.5-5.5,16,8,7,-1.1,Mike Tomlin,+1000,10.5,PIT,AFC,AFC North
505,2016,Green Bay Packers,3,10,10-6-0,9.0-7.0,16,4,21,0.08,Mike McCarthy,+800,10.5,2017,-1,7,7-9-0,6.3-9.7,16,21,26,2.1,Mike McCarthy,+800,10.5,GNB,NFC,NFC North
506,2016,Kansas City Chiefs,2,12,12-4-0,10.1-5.9,16,13,7,0.72,Andy Reid,+2000,9.5,2017,1,10,10-6-0,9.9-6.1,16,6,15,-1.33,Andy Reid,+2500,9.0,KAN,AFC,AFC West
507,2016,Dallas Cowboys,2,13,13-3-0,10.9-5.1,16,5,5,-0.22,Jason Garrett,+2500,8.5,2017,-1,9,9-7-0,8.6-7.4,16,14,13,0.22,Jason Garrett,+1200,9.5,DAL,NFC,NFC East
508,2016,Houston Texans,2,9,9-7-0,6.5-9.5,16,28,11,0.44,Bill O'Brien,+1600,8.5,2017,-1,4,4-12-0,5.7-10.3,16,17,32,-0.3,Bill O'Brien,+4000,8.5,HTX,AFC,AFC South
509,2016,Seattle Seahawks,2,10,10-5-1,9.8-6.2,16,18,3,-1.75,Pete Carroll,+800,10.5,2017,-1,9,9-7-0,8.9-7.1,16,11,13,-0.24,Pete Carroll,+800,10.5,SEA,NFC,NFC West
510,2016,Miami Dolphins,1,10,10-6-0,7.6-8.4,16,17,18,-1.34,Adam Gase,+8000,7.0,2017,-1,6,6-10-0,5.0-11.0,16,28,29,0.74,Adam Gase,+10000,7.0,MIA,AFC,AFC East
511,2016,New York Giants,1,11,11-5-0,8.8-7.2,16,26,2,0.5,Ben McAdoo,+1800,8.5,2017,-1,3,3-13-0,4.1-11.9,16,31,27,1.31,Steve Spagnuolo,+1200,9.0,NYG,NFC,NFC East
512,2016,Detroit Lions,1,9,9-7-0,7.7-8.3,16,20,13,-0.65,Jim Caldwell,+6000,7.0,2017,-1,9,9-7-0,8.8-7.2,16,7,21,0.6,Jim Caldwell,+10000,7.5,DET,NFC,NFC North
513,2016,Oakland Raiders,1,12,12-4-0,8.7-7.3,16,7,20,1.33,Jack Del Rio,+2000,8.5,2017,-1,6,6-10-0,6.0-10.0,16,23,20,-0.23,Jack Del Rio,+800,9.5,RAI,AFC,AFC West
514,2017,Philadelphia Eagles,5,13,13-3-0,11.8-4.2,16,3,4,-0.71,Doug Pederson,+4000,8.5,2018,2,9,9-7-0,8.5-7.5,16,18,12,0.55,Doug Pederson,+1400,10.5,PHI,NFC,NFC East
515,2017,New England Patriots,4,13,13-3-0,11.8-4.2,16,2,5,-1.24,Bill Belichick,+275,12.5,2018,5,11,11-5-0,10.7-5.3,16,4,7,-1.76,Bill Belichick,+600,11.0,NWE,AFC,AFC East
516,2017,Minnesota Vikings,3,13,13-3-0,11.7-4.3,16,10,1,0.99,Mike Zimmer,+4000,8.5,2018,-1,8,8-7-1,8.5-7.5,16,19,9,-0.6,Mike Zimmer,+1000,10.0,MIN,NFC,NFC North
517,2017,Jacksonville Jaguars,3,10,10-6-0,11.8-4.2,16,5,2,-2.77,Doug Marrone,+10000,6.5,2018,-1,5,5-11-0,5.7-10.3,16,31,4,0.41,Doug Marrone,+1400,9.0,JAX,AFC,AFC South
518,2017,Pittsburgh Steelers,2,13,13-3-0,10.5-5.5,16,8,7,-1.1,Mike Tomlin,+1000,10.5,2018,-1,9,9-6-1,9.6-6.4,16,6,16,1.32,Mike Tomlin,+1000,10.5,PIT,AFC,AFC North
519,2017,New Orleans Saints,2,11,11-5-0,10.9-5.1,16,4,10,1.55,Sean Payton,+2500,8.0,2018,3,13,13-3-0,11.2-4.8,16,3,14,0.63,Sean Payton,+1400,9.5,NOR,NFC,NFC South
520,2017,Atlanta Falcons,2,10,10-6-0,9.1-6.9,16,15,8,1.89,Dan Quinn,+1600,9.5,2018,-1,7,7-9-0,7.8-8.2,16,10,25,0.45,Dan Quinn,+1400,9.5,ATL,NFC,NFC South
521,2017,Tennessee Titans,2,9,9-7-0,7.4-8.6,16,19,17,-2.13,Mike Mularkey,+2000,9.0,2018,-1,9,9-7-0,8.2-7.8,16,27,3,-0.21,Mike Vrabel,+2500,8.0,OTI,AFC,AFC South
522,2017,Carolina Panthers,1,11,11-5-0,9.0-7.0,16,12,11,2.07,Ron Rivera,+3000,9.0,2018,-1,7,7-9-0,7.8-8.2,16,14,19,1.3,Ron Rivera,+3000,8.5,CAR,NFC,NFC South
523,2017,Buffalo Bills,1,9,9-7-0,6.4-9.6,16,22,18,-0.48,Sean McDermott,+20000,6.5,2018,-1,6,6-10-0,5.0-11.0,16,30,18,-0.34,Sean McDermott,+30000,5.5,BUF,AFC,AFC East
524,2017,Kansas City Chiefs,1,10,10-6-0,9.9-6.1,16,6,15,-1.33,Andy Reid,+2500,9.0,2018,3,12,12-4-0,10.7-5.3,16,1,24,-0.11,Andy Reid,+3000,8.5,KAN,AFC,AFC West
525,2017,Los Angeles Rams,1,11,11-5-0,11.3-4.7,16,1,12,-0.15,Sean McVay,+10000,6.0,2018,4,13,13-3-0,10.9-5.1,16,2,20,-0.44,Sean McVay,+1000,10.0,RAM,NFC,NFC West
526,2018,New England Patriots,5,11,11-5-0,10.7-5.3,16,4,7,-1.76,Bill Belichick,+600,11.0,2019,1,12,12-4-0,13.0-3.0,16,7,1,-1.76,Bill Belichick,+400,11.5,NWE,AFC,AFC East
527,2018,Los Angeles Rams,4,13,13-3-0,10.9-5.1,16,2,20,-0.44,Sean McVay,+1000,10.0,2019,-1,9,9-7-0,8.7-7.3,16,11,17,2.04,Sean McVay,+1400,10.5,RAM,NFC,NFC West
528,2018,New Orleans Saints,3,13,13-3-0,11.2-4.8,16,3,14,0.63,Sean Payton,+1400,9.5,2019,1,13,13-3-0,10.7-5.3,16,3,13,0.05,Sean Payton,+1000,10.5,NOR,NFC,NFC South
529,2018,Kansas City Chiefs,3,12,12-4-0,10.7-5.3,16,1,24,-0.11,Andy Reid,+3000,8.5,2019,5,12,12-4-0,11.4-4.6,16,5,7,0.2,Andy Reid,+600,10.5,KAN,AFC,AFC West
530,2018,Los Angeles Chargers,2,12,12-4-0,10.4-5.6,16,6,8,-0.23,Anthony Lynn,+1200,9.5,2019,-1,5,5-11-0,7.8-8.2,16,21,14,-0.82,Anthony Lynn,+2000,10.0,SDG,AFC,AFC West
531,2018,Philadelphia Eagles,2,9,9-7-0,8.5-7.5,16,18,12,0.55,Doug Pederson,+1400,10.5,2019,1,9,9-7-0,8.8-7.2,16,12,15,-1.68,Doug Pederson,+1200,10.0,PHI,NFC,NFC East
532,2018,Dallas Cowboys,2,10,10-6-0,8.4-7.6,16,22,6,0.15,Jason Garrett,+3000,8.5,2019,-1,8,8-8-0,10.7-5.3,16,6,11,-1.77,Jason Garrett,+2000,9.0,DAL,NFC,NFC East
533,2018,Indianapolis Colts,2,10,10-6-0,10.1-5.9,16,5,10,-2.21,Frank Reich,+5000,7.5,2019,-1,7,7-9-0,7.7-8.3,16,16,18,-1.08,Frank Reich,+8000,7.5,CLT,AFC,AFC South
534,2018,Baltimore Ravens,1,10,10-6-0,10.8-5.2,16,13,2,0.65,John Harbaugh,+3000,8.5,2019,2,14,14-2-0,13.1-2.9,16,1,3,0.05,John Harbaugh,+4000,8.5,RAV,AFC,AFC North
535,2018,Chicago Bears,1,12,12-4-0,11.5-4.5,16,9,1,-2.34,Matt Nagy,+6000,7.5,2019,-1,8,8-8-0,7.4-8.6,16,29,4,0.23,Matt Nagy,+1200,9.0,CHI,NFC,NFC North
536,2018,Seattle Seahawks,1,10,10-6-0,9.9-6.1,16,6,11,-0.56,Pete Carroll,+6000,7.5,2019,2,11,11-5-0,8.2-7.8,16,9,22,2.27,Pete Carroll,+2000,9.0,SEA,NFC,NFC West
537,2018,Houston Texans,1,11,11-5-0,10.2-5.8,16,11,4,-1.53,Bill O'Brien,+1200,8.5,2019,2,10,10-6-0,7.8-8.2,16,14,19,0.96,Bill O'Brien,+5000,8.5,HTX,AFC,AFC South
538,2019,Kansas City Chiefs,5,12,12-4-0,11.4-4.6,16,5,7,0.2,Andy Reid,+600,10.5,2020,4,14,14-2-0,10.5-5.5,16,6,10,-0.14,Andy Reid,+450,11.5,KAN,AFC,AFC West
539,2019,San Francisco 49ers,4,13,13-3-0,11.8-4.2,16,2,8,0.41,Kyle Shanahan,+4000,8.0,2020,-1,6,6-10-0,7.7-8.3,16,21,17,1.72,Kyle Shanahan,+1000,10.5,SFO,NFC,NFC West
540,2019,Green Bay Packers,3,13,13-3-0,9.7-6.3,16,15,9,-0.74,Matt LaFleur,+2000,9.0,2020,3,13,13-3-0,10.9-5.1,16,1,13,-1.1,Matt LaFleur,+3000,8.5,GNB,NFC,NFC North
541,2019,Tennessee Titans,3,9,9-7-0,9.8-6.2,16,10,12,-1.02,Mike Vrabel,+8000,8.0,2020,1,11,11-5-0,9.1-6.9,16,4,24,-1.66,Mike Vrabel,+3000,8.5,OTI,AFC,AFC South
542,2019,Houston Texans,2,10,10-6-0,7.8-8.2,16,14,19,0.96,Bill O'Brien,+5000,8.5,2020,-1,4,4-12-0,6.2-9.8,16,18,27,-0.51,Bill O'Brien,+6000,7.5,HTX,AFC,AFC South
543,2019,Seattle Seahawks,2,11,11-5-0,8.2-7.8,16,9,22,2.27,Pete Carroll,+2000,9.0,2020,1,12,12-4-0,10.0-6.0,16,8,15,-0.04,Pete Carroll,+1400,9.5,SEA,NFC,NFC West
544,2019,Baltimore Ravens,2,14,14-2-0,13.1-2.9,16,1,3,0.05,John Harbaugh,+4000,8.5,2020,2,11,11-5-0,11.8-4.2,16,7,2,-2.04,John Harbaugh,+500,11.5,RAV,AFC,AFC North
545,2019,Minnesota Vikings,2,10,10-6-0,10.7-5.3,16,8,5,-1.1,Mike Zimmer,+2000,9.0,2020,-1,7,7-9-0,7.1-8.9,16,11,29,0.4,Mike Zimmer,+2500,9.0,MIN,NFC,NFC North
546,2019,Philadelphia Eagles,1,9,9-7-0,8.8-7.2,16,12,15,-1.68,Doug Pederson,+1200,10.0,2020,-1,4,4-11-1,5.9-10.1,16,26,20,0.85,Doug Pederson,+3000,9.5,PHI,NFC,NFC East
547,2019,New Orleans Saints,1,13,13-3-0,10.7-5.3,16,3,13,0.05,Sean Payton,+1000,10.5,2020,2,12,12-4-0,11.2-4.8,16,5,5,0.51,Sean Payton,+1000,10.5,NOR,NFC,NFC South
548,2019,New England Patriots,1,12,12-4-0,13.0-3.0,16,7,1,-1.76,Bill Belichick,+400,11.5,2020,-1,7,7-9-0,7.2-8.8,16,27,7,0.71,Bill Belichick,+4000,9.0,NWE,AFC,AFC East
549,2019,Buffalo Bills,1,10,10-6-0,9.8-6.2,16,23,2,-1.25,Sean McDermott,+10000,7.0,2020,3,13,13-3-0,10.6-5.4,16,2,16,-0.16,Sean McDermott,+3000,9.0,BUF,AFC,AFC East
550,2020,Tampa Bay Buccaneers,5,11,11-5-0,10.9-5.1,16,3,8,0.82,Bruce Arians,+1000,9.5,2021,2,13,13-4-0,12.0-5.0,17,2,5,-0.74,Bruce Arians,+700,12.0,TAM,NFC,NFC South
551,2020,Kansas City Chiefs,4,14,14-2-0,10.5-5.5,16,6,10,-0.14,Andy Reid,+450,11.5,2021,3,12,12-5-0,11.2-5.8,17,4,8,0.56,Andy Reid,+450,12.5,KAN,AFC,AFC West
552,2020,Green Bay Packers,3,13,13-3-0,10.9-5.1,16,1,13,-1.1,Matt LaFleur,+3000,8.5,2021,2,13,13-4-0,10.4-6.6,17,10,13,-0.2,Matt LaFleur,+1400,10.5,GNB,NFC,NFC North
553,2020,Buffalo Bills,3,13,13-3-0,10.6-5.4,16,2,16,-0.16,Sean McDermott,+3000,9.0,2021,2,11,11-6-0,13.1-3.9,17,3,1,-1.59,Sean McDermott,+1100,11.5,BUF,AFC,AFC East
554,2020,New Orleans Saints,2,12,12-4-0,11.2-4.8,16,5,5,0.51,Sean Payton,+1000,10.5,2021,-1,9,9-8-0,9.3-7.7,17,19,4,0.34,Sean Payton,+4000,9.0,NOR,NFC,NFC South
555,2020,Cleveland Browns,2,11,11-5-0,7.7-8.3,16,14,21,-1.89,Kevin Stefanski,+5000,8.5,2021,-1,8,8-9-0,7.9-9.1,17,20,13,-0.05,Kevin Stefanski,+1600,10.5,CLE,AFC,AFC North
556,2020,Baltimore Ravens,2,11,11-5-0,11.8-4.2,16,7,2,-2.04,John Harbaugh,+500,11.5,2021,-1,8,8-9-0,8.4-8.6,17,17,19,0.01,John Harbaugh,+1400,10.5,RAV,AFC,AFC North
557,2020,Los Angeles Rams,2,10,10-6-0,10.1-5.9,16,22,1,0.67,Sean McVay,+5000,8.5,2021,5,12,12-5-0,10.6-6.4,17,7,15,0.11,Sean McVay,+1200,10.5,RAM,NFC,NFC West
558,2020,Tennessee Titans,1,11,11-5-0,9.1-6.9,16,4,24,-1.66,Mike Vrabel,+3000,8.5,2021,2,12,12-5-0,10.2-6.8,17,15,6,-0.4,Mike Vrabel,+2000,9.5,OTI,AFC,AFC South
559,2020,Chicago Bears,1,8,8-8-0,8.1-7.9,16,22,14,0.11,Matt Nagy,+5000,8.0,2021,-1,6,6-11-0,5.9-11.1,17,27,22,0.45,Matt Nagy,+6600,7.5,CHI,NFC,NFC North
560,2020,Pittsburgh Steelers,1,12,12-4-0,10.6-5.4,16,12,3,-1.85,Mike Tomlin,+2500,9.5,2021,1,9,9-7-1,7.0-10.0,17,21,20,0.75,Mike Tomlin,+5000,8.5,PIT,AFC,AFC North
561,2020,Washington Football Team,1,7,7-9-0,8.2-7.8,16,25,4,-1.22,Ron Rivera,+30000,5.0,2021,-1,7,7-10-0,6.0-11.0,17,23,25,1.62,Ron Rivera,+4000,8.5,WAS,NFC,NFC East
562,2020,Seattle Seahawks,1,12,12-4-0,10.0-6.0,16,8,15,-0.04,Pete Carroll,+1400,9.5,2021,-1,7,7-10-0,9.3-7.7,17,16,11,0.24,Pete Carroll,+2500,9.5,SEA,NFC,NFC West
563,2020,Indianapolis Colts,1,11,11-5-0,10.0-6.0,16,9,10,-2.76,Frank Reich,+2500,9.5,2021,-1,9,9-8-0,10.6-6.4,17,9,9,-0.63,Frank Reich,+3500,9.0,CLT,AFC,AFC South
564,2021,Los Angeles Rams,5,12,12-5-0,10.6-6.4,17,7,15,0.11,Sean McVay,+1200,10.5,2022,-1,5,5-12-0,6.3-10.7,17,27,21,0.5,Sean McVay,+1120,10.5,RAM,NFC,NFC West
565,2021,Cincinnati Bengals,4,10,10-7-0,10.5-6.5,17,7,17,-1.86,Zac Taylor,+15000,6.5,2022,3,12,12-4-0,10.4-5.6,16,7,6,0.91,Zac Taylor,+2080,9.5,CIN,AFC,AFC North
566,2021,San Francisco 49ers,3,10,10-7-0,10.1-6.9,17,13,9,0.12,Kyle Shanahan,+1400,10.5,2022,3,13,13-4-0,12.9-4.1,17,6,1,-2.27,Kyle Shanahan,+1600,9.5,SFO,NFC,NFC West
567,2021,Kansas City Chiefs,3,12,12-5-0,11.2-5.8,17,4,8,0.56,Andy Reid,+450,12.5,2022,5,14,14-3-0,11.4-5.6,17,1,16,-1.23,Andy Reid,+1020,10.5,KAN,AFC,AFC West
568,2021,Tampa Bay Buccaneers,2,13,13-4-0,12.0-5.0,17,2,5,-0.74,Bruce Arians,+700,12.0,2022,1,8,8-9-0,7.2-9.8,17,25,13,0.39,Todd Bowles,+780,11.5,TAM,NFC,NFC South
569,2021,Buffalo Bills,2,11,11-6-0,13.1-3.9,17,3,1,-1.59,Sean McDermott,+1100,11.5,2022,2,13,13-3-0,12.0-4.0,16,2,2,0.39,Sean McDermott,+600,11.5,BUF,AFC,AFC East
570,2021,Green Bay Packers,2,13,13-4-0,10.4-6.6,17,10,13,-0.2,Matt LaFleur,+1400,10.5,2022,-1,8,8-9-0,8.5-8.5,17,14,17,0.41,Matt LaFleur,+1120,10.5,GNB,NFC,NFC North
571,2021,Tennessee Titans,2,12,12-5-0,10.2-6.8,17,15,6,-0.4,Mike Vrabel,+2000,9.5,2022,-1,7,7-10-0,6.7-10.3,17,28,14,-0.05,Mike Vrabel,+3800,9.5,OTI,AFC,AFC South
572,2021,Arizona Cardinals,1,11,11-6-0,10.5-6.5,17,11,11,0.31,Kliff Kingsbury,+3500,8.5,2022,-1,4,4-13-0,5.8-11.2,17,21,31,0.21,Kliff Kingsbury,+3500,8.5,CRD,NFC,NFC West
573,2021,Philadelphia Eagles,1,9,9-8-0,9.9-7.1,17,12,18,-0.97,Nick Sirianni,+10000,6.5,2022,4,14,14-3-0,11.6-5.4,17,3,8,-1.32,Nick Sirianni,+2440,9.5,PHI,NFC,NFC East
574,2021,Dallas Cowboys,1,12,12-5-0,12.2-4.8,17,1,7,-0.18,Mike McCarthy,+3000,9.0,2022,2,12,12-5-0,11.5-5.5,17,4,5,-0.81,Mike McCarthy,+1960,10.5,DAL,NFC,NFC East
575,2021,Pittsburgh Steelers,1,9,9-7-1,7.0-10.0,17,21,20,0.75,Mike Tomlin,+5000,8.5,2022,-1,9,9-8-0,7.3-9.7,17,26,10,1.48,Mike Tomlin,+8000,7.5,PIT,AFC,AFC North
576,2021,Las Vegas Raiders,1,10,10-7-0,6.9-10.1,17,18,26,0.56,Jon Gruden,+8000,7.5,2022,-1,6,6-11-0,7.9-9.1,17,12,26,-1.11,Josh McDaniels,+3600,8.5,RAI,AFC,AFC West
577,2021,New England Patriots,1,10,10-7-0,12.4-4.6,17,6,2,-0.9,Bill Belichick,+3000,9.5,2022,-1,8,8-9-0,9.0-8.0,17,17,11,1.01,Bill Belichick,+4200,8.5,NWE,AFC,AFC East
578,2022,Kansas City Chiefs,5,14,14-3-0,11.4-5.6,17,1,16,-1.23,Andy Reid,+1020,10.5,2023,undefined,6,6-2-0,5.7-2.3,8,12,2,-2.54,Andy Reid,+600,11.5,KAN,AFC,AFC West
579,2022,Philadelphia Eagles,4,14,14-3-0,11.6-5.4,17,3,8,-1.32,Nick Sirianni,+2440,9.5,2023,undefined,7,7-1-0,5.2-2.8,8,3,19,-2.52,Nick Sirianni,+750,11.5,PHI,NFC,NFC East
580,2022,San Francisco 49ers,3,13,13-4-0,12.9-4.1,17,6,1,-2.27,Kyle Shanahan,+1600,9.5,2023,undefined,5,5-3-0,5.9-2.1,8,5,5,0.93,Kyle Shanahan,+1000,10.5,SFO,NFC,NFC West
581,2022,Cincinnati Bengals,3,12,12-4-0,10.4-5.6,16,7,6,0.91,Zac Taylor,+2080,9.5,2023,undefined,4,4-3-0,3.1-3.9,7,23,17,4.66,Zac Taylor,+1000,11.5,CIN,AFC,AFC North
582,2022,Dallas Cowboys,2,12,12-5-0,11.5-5.5,17,4,5,-0.81,Mike McCarthy,+1960,10.5,2023,undefined,5,5-2-0,5.3-1.7,7,2,4,-1.31,Mike McCarthy,+1400,9.5,DAL,NFC,NFC East
583,2022,Buffalo Bills,2,13,13-3-0,12.0-4.0,16,2,2,0.39,Sean McDermott,+600,11.5,2023,undefined,5,5-3-0,6.1-1.9,8,4,3,-4.35,Sean McDermott,+900,10.5,BUF,AFC,AFC East
584,2022,New York Giants,2,9,9-7-1,8.3-8.7,17,15,17,-0.01,Brian Daboll,+11800,7.5,2023,undefined,2,2-6-0,1.3-6.7,8,32,22,2.13,Brian Daboll,+4800,7.5,NYG,NFC,NFC East
585,2022,Jacksonville Jaguars,2,9,9-8-0,9.9-7.1,17,10,12,-1.39,Doug Pederson,+13000,6.5,2023,undefined,6,6-2-0,5.0-3.0,8,10,10,2.01,Doug Pederson,+2800,9.5,JAX,AFC,AFC South
586,2022,Tampa Bay Buccaneers,1,8,8-9-0,7.2-9.8,17,25,13,0.39,Todd Bowles,+780,11.5,2023,undefined,3,3-4-0,3.3-3.7,7,27,6,-0.03,Todd Bowles,+10000,6.5,TAM,NFC,NFC South
587,2022,Minnesota Vikings,1,13,13-4-0,8.4-8.6,17,8,28,0.1,Kevin O'Connell,+3600,9.5,2023,undefined,4,4-4-0,4.4-3.6,8,14,15,-0.64,Kevin O'Connell,+4000,8.5,MIN,NFC,NFC North
588,2022,Baltimore Ravens,1,10,10-7-0,9.6-7.4,17,19,3,1.08,John Harbaugh,+1880,10.5,2023,undefined,6,6-2-0,6.2-1.8,8,7,1,2.34,John Harbaugh,+1800,10.5,RAV,AFC,AFC North
589,2022,Miami Dolphins,1,9,9-8-0,8.4-8.6,17,11,24,1.95,Mike McDaniel,+3900,8.5,2023,undefined,6,6-2-0,5.3-2.7,8,1,25,-4.36,Mike McDaniel,+2500,9.5,MIA,AFC,AFC East
590,2022,Seattle Seahawks,1,9,9-8-0,8.6-8.4,17,9,25,-0.81,Pete Carroll,+17000,5.5,2023,undefined,5,5-2-0,4.3-2.7,7,11,11,-1.48,Pete Carroll,+3500,8.5,SEA,NFC,NFC West
591,2022,Los Angeles Chargers,1,10,10-7-0,8.7-8.3,17,13,21,-1.33,Brandon Staley,+1380,10.5,2023,undefined,3,3-4-0,3.6-3.4,7,9,24,-0.24,Brandon Staley,+2500,9.5,SDG,AFC,AFC West
